Rank,Team,AdjOffEff,AdjDefEff,Total,Date
1,DUKE,1.245373842863764,0.8988442193017245,0.3465296235620394,
2,MICHIGAN,1.2428854169032102,0.8981392377729642,0.3447461791302459,
3,ARIZONA,1.2258785062707953,0.902935001035812,0.3229435052349834,
4,ILLINOIS,1.2814059282466288,0.9833181691582108,0.2980877590884181,
5,GONZAGA,1.2098344707507815,0.9276583183111996,0.2821761524395818,
6,FLORIDA,1.210078354617108,0.9279869959286444,0.2820913586884633,
7,PURDUE,1.263143863458315,0.9829550564269652,0.2801888070313498,
8,HOUSTON,1.1941365834456454,0.9275564408093347,0.2665801426363106,
9,IOWA STATE,1.2163865757039318,0.9512026537274244,0.2651839219765073,
10,CONNECTICUT,1.195555741168078,0.9455099651512636,0.2500457760168143,
11,VANDERBILT,1.222281110716817,0.974181577752364,0.248099532964453,
12,NEBRASKA,1.1756560866032664,0.9278009653117792,0.2478551212914872,
13,LOUISVILLE,1.2205972101890885,0.9768117129116588,0.2437854972774293,
14,MICHIGAN STATE,1.1771801387991718,0.9390100702127115,0.2381700685864601,
15,TENNESSEE,1.1877849694056617,0.9518509441808272,0.2359340252248343,
16,KANSAS,1.17021204427398,0.9431357828535384,0.2270762614204418,
17,VIRGINIA,1.2016573874841494,0.9757734118091398,0.2258839756750096,
18,TEXAS TECH,1.209792941056998,0.9840390880345312,0.2257538530224666,
19,SAINT LOUIS,1.2043943274661213,0.978789975364624,0.2256043521014974,
20,ARKANSAS,1.2418933522405928,1.0192120780358789,0.2226812742047141,
21,BRIGHAM YOUNG,1.2175303226908545,0.9957080527290368,0.2218222699618175,
22,SAINT MARYS CA,1.187404406266681,0.9693668970711352,0.218037509195546,
23,ALABAMA,1.2352042822697764,1.017683430618706,0.2175208516510705,
24,UTAH STATE,1.210110913778507,0.9939589066650872,0.2161520071134199,
25,ST JOHNS NY,1.1702348138786929,0.9557208419706475,0.2145139719080453,
26,IOWA,1.2049525805937418,0.9994387938675782,0.2055137867261636,
27,NORTH CAROLINA STATE,1.2165330970429695,1.012836331047264,0.2036967659957056,
28,NORTH CAROLINA,1.1781798347928416,0.9842069237415082,0.1939729110513334,
29,KENTUCKY,1.1881377530827095,0.9982368670458016,0.1899008860369079,
30,SOUTHERN METHODIST,1.2111666763698834,1.0277877529012305,0.1833789234686529,
31,TEXAS,1.2252479271093348,1.049993791882463,0.1752541352268719,
32,VILLANOVA,1.1794989502910844,1.0059925210096243,0.1735064292814601,
33,AUBURN,1.214998566177673,1.0421895291193064,0.1728090370583666,
34,GEORGIA,1.1917473909249938,1.0203915281839266,0.1713558627410671,
35,INDIANA,1.1841312509454696,1.018178153479,0.1659530974664695,
36,CLEMSON,1.1479131319874802,0.9850949563167768,0.1628181756707033,
37,MIAMI FL,1.1698100950725898,1.010472317462032,0.1593377776105577,
38,SANTA CLARA,1.1831566586937534,1.0256092849776164,0.157547373716137,
39,WISCONSIN,1.1911850777692088,1.0354564097109649,0.1557286680582439,
40,VIRGINIA COMMONWEALTH,1.1809900472777828,1.0265235657827478,0.1544664814950349,
41,OHIO STATE,1.189717584992974,1.0357129605722926,0.1540046244206814,
42,UCLA,1.1726245907272703,1.0258530461359092,0.1467715445913611,
43,NEW MEXICO,1.1569422732156651,1.0124906776584623,0.1444515955572027,
44,TEXAS AM,1.1757489322837915,1.0386834865354515,0.1370654457483398,
45,SAN DIEGO STATE,1.1067026739694954,0.975161104873938,0.1315415690955572,
46,BELMONT,1.1777703199233835,1.0463520895506837,0.1314182303726998,
47,SOUTH FLORIDA,1.1515723725072395,1.0240806923844163,0.1274916801228232,
48,TULSA,1.1957935085133848,1.0684418595676295,0.1273516489457551,
49,VIRGINIA TECH,1.1453071761978404,1.019019697678048,0.1262874785197925,
50,YALE,1.211302084548947,1.0854809295360537,0.1258211550128936,
51,BAYLOR,1.178787437009054,1.0544441811324772,0.1243432558765769,
52,MCNEESE STATE,1.1474546601531086,1.0233252258607473,0.1241294342923613,
53,WASHINGTON,1.1347026295263145,1.0126852115725795,0.1220174179537347,
54,AKRON,1.1876843543891067,1.0697591807979392,0.1179251735911675,
55,TEXAS CHRISTIAN,1.111750875354646,0.9944617936212476,0.1172890817333982,
56,HIGH POINT,1.177859342500193,1.0613762531825202,0.1164830893176729,
57,MIAMI OH,1.1744823901314152,1.0589442382116492,0.115538151919766,
58,CINCINNATI,1.0709363798126577,0.9584510308087122,0.1124853490039454,
59,LOUISIANA STATE,1.1748710408913805,1.0627818948112275,0.1120891460801529,
60,SETON HALL,1.0695859289772651,0.9594183076450544,0.1101676213322107,
61,CALIFORNIA,1.1222752463767756,1.0162930043771574,0.1059822419996181,
62,OKLAHOMA,1.1878585128235823,1.0822181354206026,0.1056403774029797,
63,WAKE FOREST,1.142419904172591,1.0370980578450102,0.1053218463275809,
64,MISSOURI,1.1565577398031632,1.0518476410654511,0.104710098737712,
65,WICHITA STATE,1.1059810752707664,1.0026190470141134,0.1033620282566529,
66,CENTRAL FLORIDA,1.1690747821686824,1.0658408096555634,0.103233972513119,
67,BOISE STATE,1.150075881775459,1.0468929267576672,0.1031829550177918,
68,MINNESOTA,1.1108485267428791,1.0080558478157944,0.1027926789270847,
69,WEST VIRGINIA,1.085812045797123,0.9839873124314542,0.1018247333656687,
70,UTAH VALLEY,1.1090809108998323,1.0101990647285584,0.0988818461712739,
71,PROVIDENCE,1.185418662363516,1.0883691465833811,0.0970495157801347,
72,HOFSTRA,1.1369967267898178,1.0400074401883217,0.096989286601496,
73,SOUTHERN CALIFORNIA,1.1141895597361915,1.0174186067676656,0.0967709529685261,
74,NEVADA,1.145408253054827,1.0494022236564202,0.0960060293984068,
75,DAYTON,1.1087891504280658,1.014144049384235,0.0946451010438307,
76,COLORADO,1.1581405734471284,1.0664206050360203,0.0917199684111078,
77,GRAND CANYON,1.0864282923555753,0.994903185054107,0.0915251073014682,
78,NORTHWESTERN,1.128968219177085,1.03786912685471,0.0910990923223746,
79,NORTHERN IOWA,1.0675984990372995,0.9766493713544304,0.0909491276828691,
80,GEORGE WASHINGTON,1.1618773795058248,1.0709462375479213,0.0909311419579035,
81,NORTH CAROLINA WILMINGTON,1.1255087665858028,1.037137865444682,0.0883709011411209,
82,STEPHEN F AUSTIN,1.1065275304230473,1.0190918117849317,0.0874357186381158,
83,CREIGHTON,1.1406562508386755,1.0533224860586212,0.0873337647800545,
84,FLORIDA STATE,1.1269604599447371,1.0406591570898005,0.0863013028549368,
85,COLORADO STATE,1.187361884899043,1.1013347440421992,0.0860271408568438,
86,BUTLER,1.1418965943910808,1.056176117738131,0.0857204766529498,
87,ILLINOIS STATE,1.0990344041590294,1.0147666860204907,0.0842677181385387,
88,STANFORD,1.120166132343465,1.0360061242005016,0.0841600081429634,
89,ARIZONA STATE,1.1260516623733436,1.0455563478838363,0.0804953144895073,
90,EAST TENNESSEE STATE,1.1220853137716749,1.0427228095977636,0.0793625041739112,
91,SYRACUSE,1.1140492307853374,1.0356841218793311,0.0783651089060062,
92,NOTRE DAME,1.12130595861767,1.0446821497306784,0.0766238088869915,
93,MISSISSIPPI,1.106913080878059,1.0330433982894829,0.073869682588576,
94,LIBERTY,1.1614191780074508,1.089033415856222,0.0723857621512287,
95,GEORGETOWN,1.1251185981120997,1.0542936672078025,0.0708249309042969,
96,ST THOMAS MN,1.140628509842586,1.0708907320355536,0.0697377778070322,
97,MURRAY STATE,1.1538938316064842,1.0844468833977612,0.0694469482087229,
98,WYOMING,1.130675740720633,1.0620476260862757,0.0686281146343574,
99,OKLAHOMA STATE,1.115463457902751,1.0529832131477022,0.0624802447550487,
100,GEORGE MASON,1.107285917761651,1.0450529919493143,0.0622329258123366,
101,PACIFIC,1.1009214816531825,1.040805539363704,0.0601159422894785,
102,FLORIDA ATLANTIC,1.1018329463727845,1.0456424820022,0.0561904643705843,
103,MISSISSIPPI STATE,1.1012577914818764,1.0454892449146065,0.0557685465672701,
104,DAVIDSON,1.107750961598141,1.0521033919879907,0.0556475696101501,
105,HAWAII,1.050694605042385,0.9957518303714068,0.0549427746709784,
106,SOUTH CAROLINA,1.1126875277062969,1.058131319087814,0.0545562086184829,
107,SOUTHERN ILLINOIS,1.043436918580273,0.989179698760884,0.0542572198193889,
108,DEPAUL,1.0713288873661595,1.017405043251814,0.0539238441143454,
109,TEXAS PAN AMERICAN,1.0997565834841867,1.047161638545625,0.0525949449385616,
110,XAVIER,1.1108921973001695,1.0598621400675925,0.0510300572325774,
111,MEMPHIS,1.0627310268909491,1.0123758689160476,0.0503551579749015,
112,ILLINOIS CHICAGO,1.0832763520063842,1.033353576839391,0.0499227751669928,
113,NORTH DAKOTA STATE,1.113312681299806,1.0634204673981478,0.0498922139016582,
114,SAM HOUSTON STATE,1.112627061216778,1.0634746043116707,0.0491524569051073,
115,BRADLEY,1.1069842935569985,1.0606466784468196,0.0463376151101788,
116,NAVY,1.0698622608614503,1.024912619791973,0.0449496410694778,
117,CALIFORNIA IRVINE,1.0296216512343104,0.9847078452332764,0.044913806001034,
118,WILLIAM MARY,1.1097280527151694,1.0672913967015654,0.042436656013604,
119,WINTHROP,1.1222312680174829,1.0802722249666823,0.0419590430508005,
120,KANSAS STATE,1.109222536036663,1.0677121190695718,0.0415104169670912,
121,UTAH,1.1205647858330785,1.0797449686966905,0.040819817136388,
122,CALIFORNIA SAN DIEGO,1.074840732900706,1.0359539753608065,0.0388867575398996,
123,ALABAMA BIRMINGHAM,1.0748869648465371,1.0369058011259955,0.0379811637205416,
124,SEATTLE,1.010071101412516,0.9723747789682122,0.0376963224443038,
125,MONTANA STATE,1.0927805532220252,1.0563444143513403,0.0364361388706848,
126,HARVARD,1.0831076161735451,1.0466808765249478,0.0364267396485975,
127,MARQUETTE,1.080806700336513,1.0455759568627516,0.0352307434737613,
128,CALIFORNIA BAPTIST,1.0566939208648736,1.0225119689461917,0.0341819519186818,
129,RICHMOND,1.1136730842583948,1.0800639388212383,0.0336091454371565,
130,RHODE ISLAND,1.0689652171430577,1.035380067869713,0.0335851492733447,
131,NEVADA LAS VEGAS,1.121445973612868,1.087900485986507,0.033545487626361,
132,AUSTIN PEAY,1.074805198200965,1.0424130515579,0.032392146643065,
133,PITTSBURGH,1.0912545679230847,1.0615957026361678,0.0296588652869169,
134,CALIFORNIA SANTA BARBARA,1.139697259656559,1.1105782881701214,0.0291189714864379,
135,WASHINGTON STATE,1.1267471053110114,1.0989954749177675,0.0277516303932436,
136,SAN FRANCISCO,1.103565883559252,1.0766959784300578,0.0268699051291942,
137,CORNELL,1.1765023897117752,1.1500894433386306,0.0264129463731446,
138,WRIGHT STATE,1.1013042326174547,1.0752542895636343,0.0260499430538203,
139,OREGON,1.091942619577725,1.066006798507525,0.0259358210702003,
140,DUQUESNE,1.096287876176607,1.0720009765268776,0.0242868996497294,
141,TROY,1.0963138327781332,1.0737200229821555,0.0225938097959776,
142,NORTH TEXAS,1.0334372402118326,1.0124889072843866,0.020948332927446,
143,ARKANSAS STATE,1.1035807543635896,1.082841332943174,0.0207394214204157,
144,BOWLING GREEN STATE,1.0583968280481135,1.038054953848656,0.0203418741994578,
145,APPALACHIAN STATE,1.0645186338595127,1.045942414175717,0.0185762196837957,
146,MARIST,1.02648086223581,1.0088270733795484,0.0176537888562617,
147,MARSHALL,1.1158100617912186,1.0992688710870029,0.0165411907042158,
148,MERCER,1.114177650413426,1.0987315275102008,0.0154461229032252,
149,LIPSCOMB,1.0830209061900589,1.068118085935532,0.0149028202545269,
150,FRESNO STATE,1.062285285519842,1.047548380151002,0.0147369053688402,
151,SAINT JOSEPHS,1.0478054517426525,1.034180676041577,0.0136247757010752,
152,ST BONAVENTURE,1.1145483437702282,1.1030887244205965,0.0114596193496316,
153,COLLEGE OF CHARLESTON,1.061733903764096,1.050624614888986,0.01110928887511,
154,PENNSYLVANIA,1.074759168027149,1.0654347391022734,0.0093244289248759,
155,NORTHERN COLORADO,1.1031522196454702,1.0938488452767414,0.0093033743687287,
156,LOYOLA MARYMOUNT,1.0555508561696751,1.046352310745367,0.0091985454243082,
157,WESTERN KENTUCKY,1.0627994607965543,1.0537467706533086,0.0090526901432457,
158,PORTLAND STATE,1.0264677038078305,1.0174378406941262,0.0090298631137042,
159,VALPARAISO,1.0637986392287064,1.0551733361343656,0.0086253030943408,
160,KENNESAW STATE,1.0841432563776676,1.0757149557085337,0.0084283006691341,
161,TEMPLE,1.0958766587352289,1.0880539467766337,0.0078227119585951,
162,KENT STATE,1.0866415130634548,1.0789186439338967,0.0077228691295581,
163,TOLEDO,1.1172165904903228,1.1098678863504017,0.0073487041399213,
164,MIDDLE TENNESSEE,1.0878992374811682,1.0818086635153037,0.0060905739658647,
165,PENN STATE,1.127532052237987,1.1220448925785549,0.0054871596594321,
166,FORDHAM,1.0374997696105126,1.0322960440311135,0.005203725579399,
167,SIENA,1.0796857986643995,1.0756875815219915,0.0039982171424082,
168,OAKLAND,1.1212254517668454,1.1180615269360246,0.0031639248308208,
169,TENNESSEE MARTIN,1.0389100329390024,1.036434265002892,0.0024757679361104,
170,TEXAS ARLINGTON,1.0224195002005971,1.0203249896459277,0.0020945105546694,
171,BUFFALO,1.1239790749521152,1.122845240451225,0.0011338345008902,
172,ROBERT MORRIS,1.102823089198482,1.1017848897575653,0.0010381994409167,
173,NEW MEXICO STATE,1.0942812334853107,1.093282347192718,0.0009988862925927,
174,CENTRAL ARKANSAS,1.0688420707842183,1.067958365311365,0.0008837054728536,
175,IDAHO,1.077961748108386,1.0774754113703962,0.0004863367379897,
176,FURMAN,1.062685176400539,1.0645865749495549,-0.0019013985490159,
177,SOUTH ALABAMA,1.0669943150137582,1.0689213828345576,-0.0019270678207994,
178,FLORIDA INTERNATIONAL,1.064549045124279,1.066517328165815,-0.0019682830415357,
179,BOSTON COLLEGE,1.021841529612627,1.0240603430048445,-0.0022188133922171,
180,DIXIE STATE,1.09054122361125,1.09387791713119,-0.0033366935199399,
181,COLUMBIA,1.0798505118088513,1.0841182684896462,-0.0042677566807949,
182,CHARLOTTE,1.1151129206031642,1.12046546441161,-0.0053525438084456,
183,HOWARD,1.0337810047552731,1.0397405529690371,-0.0059595482137639,
184,MARYLAND,1.0809389965953493,1.0885431783226052,-0.0076041817272558,
185,LONG ISLAND UNIVERSITY,1.060226847239281,1.0680613028812782,-0.0078344556419971,
186,MERRIMACK,1.060275029885892,1.0684401800333432,-0.0081651501474511,
187,RUTGERS,1.0776360753343963,1.0859828064479091,-0.0083467311135128,
188,GEORGIA TECH,1.0474482067384292,1.056262703096769,-0.0088144963583398,
189,WEBER STATE,1.1009109140905955,1.1098049879142842,-0.0088940738236886,
190,ELON,1.125600456903919,1.136853684185113,-0.0112532272811938,
191,TOWSON,1.0270725518733232,1.039165363054775,-0.0120928111814517,
192,MONTANA,1.0617330339472373,1.07442978138382,-0.0126967474365826,
193,TULANE,1.0696452675857475,1.082345469214987,-0.0127002016292394,
194,CALIFORNIA DAVIS,1.0702547789476518,1.0830286955934805,-0.0127739166458287,
195,NORTHERN KENTUCKY,1.076569904576822,1.0906848273195189,-0.0141149227426968,
196,YOUNGSTOWN STATE,1.0759294669445163,1.090163232322899,-0.0142337653783823,
197,CAL STATE FULLERTON,1.0749148407163436,1.0907441984668769,-0.0158293577505332,
198,QUINNIPIAC,1.0380731987363216,1.0551578445814256,-0.0170846458451039,
199,MONMOUTH,1.0490132417312132,1.0663800494663669,-0.0173668077351534,
200,SOUTH DAKOTA STATE,1.0783857357526296,1.0966432079290098,-0.0182574721763801,
201,MASSACHUSETTS,1.071621084781889,1.0903323843789747,-0.0187112995970857,
202,OREGON STATE,1.0763846112088733,1.096045271218721,-0.0196606600098476,
203,JAMES MADISON,1.089578565131675,1.109533204455838,-0.0199546393241631,
204,DENVER,1.1504334555170586,1.1705729167666643,-0.0201394612496057,
205,CAL STATE NORTHRIDGE,1.054396175274494,1.0755458437061252,-0.0211496684316312,
206,QUEENS NC,1.140591531634355,1.1629691433314466,-0.0223776116970919,
207,VERMONT,1.0830086180128735,1.1058160345402832,-0.0228074165274096,
208,DREXEL,1.0362152630678958,1.059624828953379,-0.0234095658854831,
209,DRAKE,1.0927707795014474,1.1164033615862998,-0.0236325820848524,
210,GREEN BAY,1.1149481867505049,1.138991236726605,-0.0240430499761001,
211,TEXAS AM CORPUS CHRISTI,1.0110095136059516,1.0365235983722467,-0.0255140847662951,
212,NEW ORLEANS,1.0756985796649927,1.1022345100940634,-0.0265359304290706,
213,SAMFORD,1.0836767977451969,1.1117329295405234,-0.0280561317953265,
214,EASTERN WASHINGTON,1.1019283195356522,1.1300946390257718,-0.0281663194901196,
215,NORTH CAROLINA ASHEVILLE,1.0494975710346224,1.0783358108926269,-0.0288382398580044,
216,IDAHO STATE,1.1081404901803444,1.138141455536972,-0.0300009653566275,
217,JACKSONVILLE STATE,1.0509734804230335,1.081575637627769,-0.0306021572047352,
218,MARYLAND BALTIMORE COUNTY,1.057444766587682,1.0889771701627438,-0.0315324035750617,
219,TENNESSEE STATE,1.069001465874062,1.1012195610506248,-0.0322180951765627,
220,COLGATE,1.0728384585099708,1.1056369245940738,-0.0327984660841029,
221,OHIO,1.0686462112405073,1.101966413597722,-0.0333202023572147,
222,SOUTHEAST MISSOURI STATE,1.0465138727493442,1.0803797081232926,-0.0338658353739484,
223,LAMAR,1.0464546169094358,1.081586510570438,-0.0351318936610021,
224,MISSOURI STATE,1.056784340993425,1.093885582644205,-0.0371012416507801,
225,STONY BROOK,1.0394912385246504,1.0774741539628625,-0.037982915438212,
226,INDIANA STATE,1.046301018768651,1.0856511913615454,-0.0393501725928944,
227,DARTMOUTH,1.0517085375765225,1.0927570042798502,-0.0410484667033277,
228,COASTAL CAROLINA,1.0168097162207026,1.058549595925921,-0.0417398797052184,
229,IONA,1.0335529091409614,1.075313806403022,-0.0417608972620604,
230,CHARLESTON SOUTHERN,1.0405139005617787,1.0838491687123597,-0.0433352681505807,
231,CAMPBELL,1.0840702101920094,1.1276170729856716,-0.0435468627936621,
232,WOFFORD,1.091505948236336,1.135426503278968,-0.043920555042632,
233,SOUTHERN MISSISSIPPI,1.039444116214947,1.0858656889837777,-0.0464215727688306,
234,SAINT PETERS,1.0413750859835815,1.0880551397107563,-0.0466800537271747,
235,EASTERN MICHIGAN,1.0254729685675632,1.0752867931765508,-0.0498138246089876,
236,NEBRASKA OMAHA,1.0658485576577867,1.1190162535889057,-0.0531676959311189,
237,BOSTON UNIVERSITY,1.1159076583641718,1.169114996696324,-0.0532073383321523,
238,NORTH CAROLINA AT,1.0548648179205835,1.1085086848920285,-0.0536438669714445,
239,RADFORD,1.0530347905614583,1.1074266843505778,-0.0543918937891194,
240,PRINCETON,1.048531700841403,1.1029897699297488,-0.0544580690883458,
241,PORTLAND,1.03766398620431,1.0923098153353374,-0.0546458291310274,
242,LA SALLE,1.0083821758725184,1.0655622144363577,-0.057180038563839,
243,NICHOLLS STATE,1.0619849599030375,1.11944266772544,-0.0574577078224023,
244,TEXAS STATE,1.0313734859101629,1.0890769380569318,-0.0577034521467689,
245,BETHUNE COOKMAN,1.0317487345367569,1.0903232103532037,-0.0585744758164468,
246,CAL POLY,1.0592199410835808,1.1179448905374585,-0.0587249494538775,
247,LOUISIANA TECH,0.9949100906054378,1.0538582535835066,-0.0589481629780688,
248,LINDENWOOD,1.007600088488019,1.0666943959236013,-0.0590943074355823,
249,OLD DOMINION,1.0399651732691626,1.0999899855523223,-0.0600248122831599,
250,FLORIDA GULF COAST,1.0621006505207242,1.122831014357924,-0.0607303638371996,
251,WESTERN CAROLINA,1.0729242791087747,1.1340404138387077,-0.0611161347299327,
252,SOUTHERN ILLINOIS EDWARDSVILLE,0.9893049393816188,1.0514359350291989,-0.0621309956475799,
253,EASTERN KENTUCKY,1.0899134079162778,1.1522575979205871,-0.0623441900043093,
254,SACRAMENTO STATE,1.0657942159407323,1.1288017123809555,-0.0630074964402229,
255,RICE,1.0583804185081265,1.1215765798487989,-0.0631961613406724,
256,MOREHEAD STATE,1.0679873898021426,1.1314970675190248,-0.0635096777168822,
257,AMERICAN,1.0471313122018435,1.110853143965443,-0.0637218317635992,
258,DETROIT MERCY,1.0613214021183142,1.1259577886940195,-0.0646363865757053,
259,SAN DIEGO,1.0584686941251815,1.123606498739584,-0.0651378046144024,
260,TARLETON STATE,1.0199120010640077,1.0859020223455311,-0.0659900212815236,
261,FAIRFIELD,1.0580846140118862,1.1244258492383128,-0.0663412352264265,
262,LONGWOOD,1.0356832279917614,1.102056164254726,-0.0663729362629645,
263,GEORGIA SOUTHERN,1.0590497550696678,1.127799955981131,-0.0687502009114631,
264,PRESBYTERIAN,1.032240149091879,1.101395657470704,-0.0691555083788251,
265,MERCYHURST,1.0157591771470789,1.0853523071121758,-0.0695931299650969,
266,DELAWARE,1.0513118266908734,1.1229361193009535,-0.07162429261008,
267,IPFW,1.0499368289050162,1.1219516774708138,-0.0720148485657976,
268,CHATTANOOGA,1.058062100973362,1.1306485410702274,-0.0725864400968654,
269,MILWAUKEE,1.0586874053296982,1.1313981622367475,-0.0727107569070493,
270,ABILENE CHRISTIAN,0.9954145332745022,1.0687458283594589,-0.0733312950849566,
271,HAMPTON,1.0080672423607848,1.082271323118532,-0.0742040807577473,
272,TEXAS EL PASO,1.0226246065765434,1.0991216901436784,-0.076497083567135,
273,SAN JOSE STATE,1.0683498094362829,1.1451504857345916,-0.0768006762983088,
274,LE MOYNE,1.0352946950196842,1.114381400245503,-0.0790867052258188,
275,CENTRAL CONNECTICUT STATE,1.053329286844143,1.1337513614880377,-0.0804220746438943,
276,BROWN,0.9801648701103612,1.0607587747632954,-0.0805939046529342,
277,LONG BEACH STATE,1.0241007499114332,1.1053938984174487,-0.0812931485060155,
278,EAST CAROLINA,1.0048475271272157,1.0890903177544635,-0.0842427906272478,
279,GRAMBLING,0.9949733372126002,1.0805185165255806,-0.0855451793129804,
280,BELLARMINE,1.14026033441867,1.226094327468387,-0.0858339930497171,
281,CENTRAL MICHIGAN,1.0474981819970013,1.135329429501748,-0.0878312475047466,
282,NORTHWESTERN STATE,1.0367419013911094,1.1283059345634725,-0.091564033172363,
283,NORTHEASTERN,1.0576272971766008,1.1510190892652954,-0.0933917920886946,
284,SOUTHERN,1.0326857063490458,1.1270053807883222,-0.0943196744392764,
285,GEORGIA STATE,0.9913632784038652,1.0859008483703376,-0.0945375699664725,
286,SOUTHERN UTAH,1.0282847115331657,1.123747349208753,-0.0954626376755873,
287,CALIFORNIA RIVERSIDE,1.015656646107752,1.1111194116131675,-0.0954627655054156,
288,PEPPERDINE,1.0185188019263434,1.1140648521567107,-0.0955460502303673,
289,INCARNATE WORD,1.0701200752023057,1.166894930745613,-0.096774855543307,
290,NORTHERN ARIZONA,1.051290651214719,1.1488403056018168,-0.0975496543870975,
291,NORTH DAKOTA,1.0515801428730631,1.14941497681337,-0.097834833940307,
292,SOUTH CAROLINA UPSTATE,0.9989731096681802,1.0979136953884294,-0.0989405857202492,
293,SACRED HEART,1.056325325696924,1.1610282535854002,-0.1047029278884761,
294,LEHIGH,1.0082202808954712,1.1131663465016903,-0.1049460656062191,
295,MOUNT ST MARYS,0.9921141516465756,1.0971669971482507,-0.1050528455016752,
296,HOUSTON BAPTIST,1.0282779519244318,1.1343638605021231,-0.1060859085776915,
297,TENNESSEE TECH,1.0298807056550137,1.1373463460110806,-0.1074656403560669,
298,SOUTHEASTERN LOUISIANA,0.9901457395589998,1.0979976601916412,-0.1078519206326414,
299,SOUTH DAKOTA,1.0371784629515344,1.146681994086515,-0.1095035311349805,
300,WESTERN MICHIGAN,1.0482581571847254,1.157878528270224,-0.1096203710854986,
301,ARKANSAS LITTLE ROCK,1.0225686301131658,1.1327294241067856,-0.1101607939936197,
302,MASSACHUSETTS LOWELL,1.032409710870556,1.1427416849560192,-0.1103319740854633,
303,JACKSONVILLE,1.0159553201537683,1.1284638808606606,-0.112508560706892,
304,NORFOLK STATE,1.0067845428034146,1.1196758459346623,-0.1128913031312479,
305,WAGNER,1.027093000168352,1.1417201316337988,-0.1146271314654467,
306,TEXAS AM COMMERCE,0.9873690797436634,1.102549218813692,-0.1151801390700286,
307,ALBANY NY,1.024417977218402,1.140119991628875,-0.1157020144104725,
308,WEST GEORGIA,1.0157754262162957,1.1332819484878212,-0.1175065222715256,
309,NORTH CAROLINA GREENSBORO,1.0620610126782446,1.180307890872271,-0.1182468781940264,
310,EVANSVILLE,0.9983186575358488,1.1166723955417852,-0.1183537380059364,
311,EASTERN ILLINOIS,0.9683955609953536,1.0875448137575698,-0.1191492527622161,
312,TEXAS SOUTHERN,1.0271591085680791,1.1463544759860071,-0.119195367417928,
313,CLEVELAND STATE,1.0864033622410885,1.2063425879371212,-0.1199392256960327,
314,ALABAMA AM,1.011741467992739,1.1338690871735575,-0.1221276191808187,
315,LOUISIANA LAFAYETTE,0.9864729897140856,1.1086979440505518,-0.1222249543364663,
316,NEW HAVEN,0.9734288603489908,1.0969978462010763,-0.1235689858520854,
317,NJIT,0.98944215018873,1.1139858489599892,-0.1245436987712592,
318,LOYOLA MD,1.0215103316451322,1.147853553409739,-0.1263432217646067,
319,LOYOLA IL,1.0157130687525524,1.1496802384047564,-0.133967169652204,
320,ALABAMA STATE,0.991752805404116,1.1264553424425183,-0.1347025370384024,
321,MANHATTAN,1.0504021664536287,1.1893263728099217,-0.138924206356293,
322,LAFAYETTE,1.0010821304890385,1.1413157673897754,-0.1402336369007371,
323,STETSON,1.0228767294580197,1.163441538716105,-0.1405648092580853,
324,FAIRLEIGH DICKINSON,1.0063969134640425,1.1473457077800002,-0.1409487943159579,
325,IUPUI,1.0366586881318869,1.1784690812949514,-0.1418103931630645,
326,ARKANSAS PINE BLUFF,1.0197376191134295,1.1619092856201576,-0.1421716665067278,
327,BALL STATE,0.962443443840767,1.1051223274556068,-0.1426788836148398,
328,HOLY CROSS,1.0074640858655235,1.1508165969612607,-0.143352511095737,
329,MAINE,0.934121271795466,1.0779855221992534,-0.1438642504037873,
330,PRAIRIE VIEW,1.007430224133397,1.151794292983506,-0.1443640688501088,
331,NORTHERN ILLINOIS,0.9779213367176304,1.1238823371866342,-0.1459610004690038,
332,ORAL ROBERTS,0.9885384363105402,1.1354199511082856,-0.1468815147977454,
333,NIAGARA,0.99022476569563,1.13941221175482,-0.14918744605919,
334,NORTH FLORIDA,1.058482762177808,1.209464592233583,-0.150981830055775,
335,STONEHILL,0.926702408558118,1.0780912461893213,-0.1513888376312033,
336,CAL STATE BAKERSFIELD,0.9893993337193312,1.1426068380324803,-0.153207504313149,
337,NEW HAMPSHIRE,0.9592444927135212,1.1130568479123537,-0.1538123551988324,
338,ARMY,1.0119283669210213,1.1659351407291647,-0.1540067738081434,
339,FLORIDA AM,0.9581237671127012,1.1126868497569444,-0.1545630826442431,
340,SOUTHERN INDIANA,0.9443026592196536,1.106870298134039,-0.1625676389143855,
341,BUCKNELL,0.9688265421678788,1.132435011122825,-0.1636084689549463,
342,NORTH ALABAMA,0.996762673405593,1.1638254617665669,-0.1670627883609738,
343,CHICAGO STATE,0.9836323093145856,1.1554877575606863,-0.1718554482461006,
344,MARYLAND EASTERN SHORE,0.944277801556622,1.122921217983607,-0.178643416426985,
345,CANISIUS,0.9521102140217108,1.1313262551111978,-0.179216041089487,
346,NORTH CAROLINA CENTRAL,0.9953531028766864,1.184395997323478,-0.1890428944467916,
347,LOUISIANA MONROE,0.9971551959738784,1.1908671029017022,-0.1937119069278238,
348,MISSOURI KANSAS CITY,0.9404925282308958,1.136454746009523,-0.1959622177786268,
349,AIR FORCE,0.9537140637996484,1.1532398833209947,-0.1995258195213463,
350,TEXAS SAN ANTONIO,0.967915098419267,1.1682510536103028,-0.2003359551910357,
351,BRYANT,0.9506272467585204,1.1512239608044736,-0.2005967140459533,
352,ALCORN STATE,0.9785347612915938,1.1792246714867938,-0.2006899101952,
353,JACKSON STATE,0.9720841326432892,1.174379234902262,-0.2022951022589727,
354,CITADEL,0.9755410365117384,1.1788651563782049,-0.2033241198664663,
355,SAINT FRANCIS PA,0.9845297343252896,1.1894124084376654,-0.2048826741123759,
356,MORGAN STATE,0.9739020725289792,1.184329622940247,-0.2104275504112673,
357,BINGHAMTON,0.9778787148725184,1.189839842824079,-0.2119611279515605,
358,VIRGINIA MILITARY INSTITUTE,0.9827734063681928,1.199264345022463,-0.2164909386542701,
359,RIDER,0.955126308253443,1.1799402197472937,-0.2248139114938504,
360,SOUTH CAROLINA STATE,0.946346005250022,1.1825932073061811,-0.2362472020561592,
361,DELAWARE STATE,0.8926077914702119,1.1318269632794529,-0.239219171809241,
362,WESTERN ILLINOIS,0.947931796609707,1.2017176727650187,-0.2537858761553118,
363,GARDNER WEBB,0.9491848749103592,1.209275274836567,-0.2600903999262076,
364,COPPIN STATE,0.9173734231764952,1.1932901280846866,-0.2759167049081914,
365,MISSISSIPPI VALLEY STATE,0.8867337996731885,1.217818856919773,-0.3310850572465844,
1,Michigan,1.24,0.9,0.35,
2,Duke,1.25,0.9,0.35,
3,Arizona,1.23,0.9,0.32,
4,Illinois,1.28,0.98,0.3,
5,Gonzaga,1.21,0.93,0.28,
6,Florida,1.21,0.93,0.28,
7,Purdue,1.26,0.98,0.28,
8,Houston,1.19,0.93,0.27,
9,Iowa State,1.22,0.95,0.27,
10,Connecticut,1.2,0.95,0.25,
11,Vanderbilt,1.22,0.97,0.25,
12,Nebraska,1.18,0.93,0.25,
13,Louisville,1.22,0.98,0.24,
14,Michigan State,1.18,0.94,0.24,
15,Tennessee,1.19,0.95,0.24,
16,Kansas,1.17,0.94,0.23,
17,Virginia,1.2,0.98,0.23,
18,Texas Tech,1.21,0.98,0.23,
19,Saint Louis,1.2,0.98,0.23,
20,Brigham Young,1.22,1.0,0.22,
21,Arkansas,1.24,1.02,0.22,
22,Saint Marys Ca,1.19,0.97,0.22,
23,Alabama,1.24,1.02,0.22,
24,Utah State,1.21,0.99,0.22,
25,St Johns Ny,1.17,0.96,0.22,
26,Iowa,1.2,1.0,0.21,
27,North Carolina State,1.22,1.01,0.2,
28,North Carolina,1.18,0.98,0.19,
29,Kentucky,1.19,1.0,0.19,
30,Southern Methodist,1.21,1.03,0.18,
31,Texas,1.23,1.05,0.18,
32,Villanova,1.18,1.01,0.17,
33,Georgia,1.19,1.02,0.17,
34,Auburn,1.21,1.04,0.17,
35,Indiana,1.18,1.02,0.17,
36,Clemson,1.15,0.99,0.16,
37,Miami Fl,1.17,1.01,0.16,
38,Santa Clara,1.18,1.03,0.16,
39,Wisconsin,1.19,1.04,0.16,
40,Virginia Commonwealth,1.18,1.03,0.16,
41,Ohio State,1.19,1.04,0.15,
42,Ucla,1.17,1.03,0.15,
43,New Mexico,1.16,1.01,0.15,
44,Texas Am,1.18,1.04,0.14,
45,Belmont,1.18,1.05,0.13,
46,San Diego State,1.11,0.97,0.13,
47,South Florida,1.15,1.02,0.13,
48,Tulsa,1.2,1.07,0.13,
49,Virginia Tech,1.15,1.02,0.13,
50,Yale,1.21,1.09,0.13,
51,Mcneese State,1.15,1.02,0.12,
52,Baylor,1.18,1.05,0.12,
53,Washington,1.13,1.01,0.12,
54,Texas Christian,1.11,0.99,0.12,
55,Akron,1.19,1.07,0.12,
56,High Point,1.18,1.06,0.12,
57,Miami Oh,1.17,1.06,0.12,
58,Cincinnati,1.07,0.96,0.11,
59,Louisiana State,1.18,1.06,0.11,
60,Seton Hall,1.07,0.96,0.11,
61,California,1.12,1.02,0.11,
62,Oklahoma,1.19,1.08,0.11,
63,Wake Forest,1.14,1.04,0.11,
64,Missouri,1.16,1.05,0.1,
65,Central Florida,1.17,1.07,0.1,
66,Boise State,1.15,1.05,0.1,
67,Wichita State,1.11,1.0,0.1,
68,West Virginia,1.09,0.98,0.1,
69,Minnesota,1.11,1.01,0.1,
70,Utah Valley,1.11,1.01,0.1,
71,Southern California,1.11,1.02,0.1,
72,Providence,1.19,1.09,0.1,
73,Nevada,1.15,1.05,0.1,
74,Hofstra,1.14,1.04,0.1,
75,Dayton,1.11,1.01,0.09,
76,Grand Canyon,1.09,0.99,0.09,
77,Colorado,1.16,1.07,0.09,
78,George Washington,1.16,1.07,0.09,
79,Northern Iowa,1.07,0.98,0.09,
80,Northwestern,1.13,1.04,0.09,
81,Stephen F Austin,1.11,1.02,0.09,
82,Colorado State,1.19,1.1,0.09,
83,Creighton,1.14,1.05,0.09,
84,North Carolina Wilmington,1.13,1.04,0.09,
85,Butler,1.14,1.06,0.08,
86,Florida State,1.13,1.04,0.08,
87,Stanford,1.12,1.04,0.08,
88,Illinois State,1.1,1.02,0.08,
89,Arizona State,1.13,1.04,0.08,
90,East Tennessee State,1.12,1.04,0.08,
91,Syracuse,1.11,1.04,0.08,
92,Notre Dame,1.12,1.04,0.08,
93,Mississippi,1.11,1.03,0.07,
94,Liberty,1.16,1.09,0.07,
95,Georgetown,1.13,1.05,0.07,
96,St Thomas Mn,1.14,1.07,0.07,
97,Murray State,1.15,1.08,0.07,
98,Wyoming,1.13,1.06,0.07,
99,George Mason,1.11,1.04,0.06,
100,Oklahoma State,1.11,1.05,0.06,
101,Pacific,1.1,1.04,0.06,
102,Florida Atlantic,1.1,1.05,0.06,
103,Mississippi State,1.1,1.05,0.06,
104,Davidson,1.11,1.05,0.06,
105,South Carolina,1.11,1.06,0.06,
106,Hawaii,1.05,1.0,0.05,
107,Depaul,1.07,1.02,0.05,
108,Southern Illinois,1.04,0.99,0.05,
109,Texas Pan American,1.1,1.05,0.05,
110,Xavier,1.11,1.06,0.05,
111,Sam Houston State,1.11,1.06,0.05,
112,North Dakota State,1.11,1.06,0.05,
113,Memphis,1.06,1.01,0.05,
114,Illinois Chicago,1.08,1.03,0.05,
115,Bradley,1.11,1.06,0.05,
116,California Irvine,1.03,0.98,0.05,
117,Navy,1.07,1.02,0.05,
118,William Mary,1.11,1.07,0.04,
119,Kansas State,1.11,1.07,0.04,
120,Winthrop,1.12,1.08,0.04,
121,Utah,1.12,1.08,0.04,
122,California San Diego,1.07,1.04,0.04,
123,Alabama Birmingham,1.08,1.04,0.04,
124,Seattle,1.01,0.97,0.04,
125,Harvard,1.08,1.05,0.04,
126,Montana State,1.09,1.06,0.04,
127,Marquette,1.08,1.05,0.04,
128,Rhode Island,1.07,1.04,0.03,
129,Nevada Las Vegas,1.12,1.09,0.03,
130,Richmond,1.11,1.08,0.03,
131,California Baptist,1.06,1.02,0.03,
132,Austin Peay,1.07,1.04,0.03,
133,California Santa Barbara,1.14,1.11,0.03,
134,Pittsburgh,1.09,1.06,0.03,
135,Washington State,1.13,1.1,0.03,
136,San Francisco,1.1,1.08,0.03,
137,Oregon,1.09,1.07,0.03,
138,Cornell,1.18,1.15,0.03,
139,Wright State,1.1,1.08,0.03,
140,Duquesne,1.1,1.07,0.02,
141,Troy,1.1,1.07,0.02,
142,Arkansas State,1.1,1.08,0.02,
143,Bowling Green State,1.06,1.04,0.02,
144,North Texas,1.03,1.01,0.02,
145,Appalachian State,1.06,1.05,0.02,
146,Marist,1.03,1.01,0.02,
147,Marshall,1.12,1.1,0.02,
148,Mercer,1.11,1.1,0.02,
149,Fresno State,1.06,1.05,0.02,
150,Lipscomb,1.08,1.07,0.01,
151,Saint Josephs,1.05,1.03,0.01,
152,St Bonaventure,1.11,1.1,0.01,
153,College Of Charleston,1.06,1.05,0.01,
154,Kennesaw State,1.08,1.08,0.01,
155,Loyola Marymount,1.06,1.05,0.01,
156,Portland State,1.03,1.02,0.01,
157,Pennsylvania,1.07,1.07,0.01,
158,Northern Colorado,1.1,1.09,0.01,
159,Western Kentucky,1.06,1.05,0.01,
160,Kent State,1.09,1.08,0.01,
161,Valparaiso,1.06,1.06,0.01,
162,Middle Tennessee,1.09,1.08,0.01,
163,Toledo,1.12,1.11,0.01,
164,Temple,1.1,1.09,0.01,
165,Penn State,1.13,1.12,0.01,
166,Fordham,1.04,1.03,0.01,
167,Siena,1.08,1.08,0.0,
168,Oakland,1.12,1.12,0.0,
169,Texas Arlington,1.02,1.02,0.0,
170,Tennessee Martin,1.04,1.04,0.0,
171,Idaho,1.08,1.08,0.0,
172,New Mexico State,1.09,1.09,0.0,
173,Central Arkansas,1.07,1.07,0.0,
174,Buffalo,1.12,1.12,0.0,
175,Robert Morris,1.1,1.1,-0.0,
176,Boston College,1.02,1.02,-0.0,
177,South Alabama,1.07,1.07,-0.0,
178,Florida International,1.06,1.07,-0.0,
179,Furman,1.06,1.07,-0.0,
180,Dixie State,1.09,1.09,-0.0,
181,Columbia,1.08,1.08,-0.0,
182,Howard,1.03,1.04,-0.0,
183,Charlotte,1.11,1.12,-0.01,
184,Rutgers,1.08,1.09,-0.01,
185,Merrimack,1.06,1.07,-0.01,
186,Weber State,1.1,1.11,-0.01,
187,Long Island University,1.06,1.07,-0.01,
188,Maryland,1.08,1.09,-0.01,
189,Georgia Tech,1.05,1.06,-0.01,
190,Towson,1.03,1.04,-0.01,
191,Montana,1.06,1.07,-0.01,
192,Elon,1.13,1.14,-0.01,
193,California Davis,1.07,1.08,-0.01,
194,Tulane,1.07,1.08,-0.01,
195,Northern Kentucky,1.08,1.09,-0.01,
196,Youngstown State,1.08,1.09,-0.02,
197,Cal State Fullerton,1.08,1.09,-0.02,
198,Quinnipiac,1.04,1.05,-0.02,
199,Monmouth,1.05,1.07,-0.02,
200,Massachusetts,1.07,1.09,-0.02,
201,South Dakota State,1.08,1.1,-0.02,
202,Oregon State,1.08,1.1,-0.02,
203,Denver,1.15,1.17,-0.02,
204,James Madison,1.09,1.11,-0.02,
205,Cal State Northridge,1.05,1.08,-0.02,
206,Vermont,1.08,1.11,-0.02,
207,Drexel,1.04,1.06,-0.02,
208,Queens Nc,1.14,1.16,-0.02,
209,Drake,1.09,1.12,-0.02,
210,Green Bay,1.11,1.14,-0.02,
211,Texas Am Corpus Christi,1.01,1.04,-0.02,
212,New Orleans,1.08,1.1,-0.03,
213,Eastern Washington,1.1,1.13,-0.03,
214,Samford,1.08,1.11,-0.03,
215,North Carolina Asheville,1.05,1.08,-0.03,
216,Jacksonville State,1.05,1.08,-0.03,
217,Idaho State,1.11,1.14,-0.03,
218,Tennessee State,1.07,1.1,-0.03,
219,Maryland Baltimore County,1.06,1.09,-0.03,
220,Colgate,1.07,1.11,-0.03,
221,Ohio,1.07,1.1,-0.03,
222,Southeast Missouri State,1.05,1.08,-0.03,
223,Lamar,1.05,1.08,-0.04,
224,Missouri State,1.06,1.09,-0.04,
225,Stony Brook,1.04,1.08,-0.04,
226,Indiana State,1.05,1.09,-0.04,
227,Dartmouth,1.05,1.09,-0.04,
228,Iona,1.03,1.08,-0.04,
229,Coastal Carolina,1.02,1.06,-0.04,
230,Wofford,1.09,1.13,-0.04,
231,Campbell,1.08,1.13,-0.04,
232,Charleston Southern,1.04,1.08,-0.04,
233,Southern Mississippi,1.04,1.09,-0.05,
234,Saint Peters,1.04,1.09,-0.05,
235,Eastern Michigan,1.03,1.08,-0.05,
236,Boston University,1.12,1.17,-0.05,
237,Nebraska Omaha,1.07,1.12,-0.05,
238,North Carolina At,1.06,1.11,-0.05,
239,Portland,1.04,1.09,-0.05,
240,Radford,1.05,1.11,-0.05,
241,Princeton,1.05,1.1,-0.05,
242,La Salle,1.01,1.07,-0.06,
243,Nicholls State,1.06,1.12,-0.06,
244,Cal Poly,1.06,1.12,-0.06,
245,Texas State,1.03,1.09,-0.06,
246,Lindenwood,1.01,1.07,-0.06,
247,Bethune Cookman,1.03,1.09,-0.06,
248,Louisiana Tech,1.0,1.05,-0.06,
249,Old Dominion,1.04,1.1,-0.06,
250,Florida Gulf Coast,1.06,1.12,-0.06,
251,Western Carolina,1.07,1.13,-0.06,
252,Southern Illinois Edwardsville,0.99,1.05,-0.06,
253,Eastern Kentucky,1.09,1.15,-0.06,
254,Sacramento State,1.07,1.13,-0.06,
255,Morehead State,1.07,1.13,-0.06,
256,Rice,1.06,1.12,-0.06,
257,American,1.05,1.11,-0.06,
258,San Diego,1.06,1.12,-0.06,
259,Detroit Mercy,1.06,1.13,-0.06,
260,Longwood,1.04,1.1,-0.07,
261,Tarleton State,1.02,1.09,-0.07,
262,Fairfield,1.06,1.12,-0.07,
263,Presbyterian,1.03,1.1,-0.07,
264,Mercyhurst,1.02,1.09,-0.07,
265,Georgia Southern,1.06,1.13,-0.07,
266,Delaware,1.05,1.12,-0.07,
267,Chattanooga,1.06,1.13,-0.07,
268,Abilene Christian,1.0,1.07,-0.07,
269,Ipfw,1.05,1.12,-0.07,
270,Milwaukee,1.06,1.13,-0.07,
271,Hampton,1.01,1.08,-0.07,
272,Texas El Paso,1.02,1.1,-0.08,
273,San Jose State,1.07,1.14,-0.08,
274,Le Moyne,1.03,1.11,-0.08,
275,Brown,0.98,1.06,-0.08,
276,Long Beach State,1.02,1.11,-0.08,
277,Central Connecticut State,1.05,1.13,-0.08,
278,East Carolina,1.0,1.09,-0.08,
279,Bellarmine,1.14,1.23,-0.09,
280,Grambling,1.0,1.08,-0.09,
281,Central Michigan,1.05,1.14,-0.09,
282,Northwestern State,1.04,1.13,-0.09,
283,Northeastern,1.06,1.15,-0.09,
284,Southern,1.03,1.13,-0.09,
285,Southern Utah,1.03,1.12,-0.09,
286,Georgia State,0.99,1.09,-0.09,
287,Pepperdine,1.02,1.11,-0.1,
288,California Riverside,1.02,1.11,-0.1,
289,Incarnate Word,1.07,1.17,-0.1,
290,Northern Arizona,1.05,1.15,-0.1,
291,North Dakota,1.05,1.15,-0.1,
292,South Carolina Upstate,1.0,1.1,-0.1,
293,Sacred Heart,1.06,1.16,-0.1,
294,Lehigh,1.01,1.11,-0.1,
295,Mount St Marys,0.99,1.1,-0.11,
296,Houston Baptist,1.03,1.13,-0.11,
297,Tennessee Tech,1.03,1.14,-0.11,
298,Southeastern Louisiana,0.99,1.1,-0.11,
299,Arkansas Little Rock,1.02,1.13,-0.11,
300,Western Michigan,1.05,1.16,-0.11,
301,South Dakota,1.04,1.15,-0.11,
302,Massachusetts Lowell,1.03,1.14,-0.11,
303,Norfolk State,1.01,1.12,-0.11,
304,Jacksonville,1.01,1.13,-0.11,
305,Albany Ny,1.03,1.14,-0.11,
306,Wagner,1.03,1.14,-0.12,
307,Texas Am Commerce,0.99,1.1,-0.12,
308,West Georgia,1.02,1.13,-0.12,
309,North Carolina Greensboro,1.06,1.18,-0.12,
310,Evansville,1.0,1.12,-0.12,
311,Texas Southern,1.03,1.15,-0.12,
312,Eastern Illinois,0.97,1.09,-0.12,
313,Cleveland State,1.09,1.21,-0.12,
314,Alabama Am,1.01,1.13,-0.12,
315,Louisiana Lafayette,0.99,1.11,-0.12,
316,New Haven,0.97,1.1,-0.12,
317,Njit,0.99,1.11,-0.12,
318,Loyola Md,1.02,1.15,-0.13,
319,Loyola Il,1.02,1.15,-0.13,
320,Alabama State,0.99,1.13,-0.14,
321,Manhattan,1.05,1.19,-0.14,
322,Lafayette,1.0,1.14,-0.14,
323,Stetson,1.02,1.16,-0.14,
324,Fairleigh Dickinson,1.01,1.15,-0.14,
325,Iupui,1.04,1.18,-0.14,
326,Arkansas Pine Bluff,1.02,1.16,-0.14,
327,Holy Cross,1.01,1.15,-0.14,
328,Ball State,0.96,1.1,-0.14,
329,Maine,0.93,1.08,-0.14,
330,Prairie View,1.01,1.15,-0.14,
331,Northern Illinois,0.98,1.12,-0.15,
332,Oral Roberts,0.99,1.13,-0.15,
333,Niagara,0.99,1.14,-0.15,
334,North Florida,1.06,1.21,-0.15,
335,Stonehill,0.93,1.08,-0.15,
336,New Hampshire,0.96,1.11,-0.15,
337,Cal State Bakersfield,0.99,1.14,-0.15,
338,Army,1.01,1.17,-0.15,
339,Florida Am,0.96,1.11,-0.15,
340,Southern Indiana,0.94,1.11,-0.16,
341,Bucknell,0.97,1.13,-0.17,
342,North Alabama,1.0,1.16,-0.17,
343,Chicago State,0.98,1.16,-0.17,
344,Maryland Eastern Shore,0.94,1.12,-0.18,
345,Canisius,0.95,1.13,-0.18,
346,North Carolina Central,1.0,1.18,-0.19,
347,Louisiana Monroe,1.0,1.19,-0.19,
348,Missouri Kansas City,0.94,1.14,-0.2,
349,Texas San Antonio,0.97,1.17,-0.2,
350,Bryant,0.95,1.15,-0.2,
351,Air Force,0.95,1.15,-0.2,
352,Alcorn State,0.98,1.18,-0.2,
353,Citadel,0.98,1.18,-0.2,
354,Jackson State,0.97,1.17,-0.2,
355,Saint Francis Pa,0.98,1.19,-0.21,
356,Morgan State,0.97,1.18,-0.21,
357,Binghamton,0.98,1.19,-0.21,
358,Virginia Military Institute,0.98,1.2,-0.22,
359,Rider,0.96,1.18,-0.22,
360,South Carolina State,0.95,1.18,-0.24,
361,Delaware State,0.89,1.13,-0.24,
362,Western Illinois,0.95,1.2,-0.25,
363,Gardner Webb,0.95,1.21,-0.26,
364,Coppin State,0.92,1.19,-0.28,
365,Mississippi Valley State,0.89,1.22,-0.33,
1,Duke,124.51,89.92,34.58,2026-02-23
2,Michigan,124.27,89.8,34.48,2026-02-23
3,Arizona,122.57,90.21,32.36,2026-02-23
4,Illinois,128.11999999999998,98.32,29.79,2026-02-23
5,Gonzaga,120.94,92.78,28.15,2026-02-23
6,Florida,120.95,92.83,28.12,2026-02-23
7,Purdue,126.31,98.28,28.03,2026-02-23
8,Houston,119.41,92.77,26.640000000000004,2026-02-23
9,Iowa State,121.64,95.11,26.53,2026-02-23
10,Connecticut,119.54,94.59,24.95,2026-02-23
11,Vanderbilt,122.18,97.44,24.75,2026-02-23
12,Nebraska,117.5,92.78,24.72,2026-02-23
13,Louisville,122.03,97.68,24.35,2026-02-23
14,Michigan State,117.77,93.97,23.8,2026-02-23
15,Tennessee,118.82,95.28,23.54,2026-02-23
16,Kansas,117.04,94.31,22.73,2026-02-23
17,Virginia,120.14,97.48,22.66,2026-02-23
18,Saint Louis,120.42,97.91,22.52,2026-02-23
19,Texas Tech,120.97,98.47,22.51,2026-02-23
20,Arkansas,124.17,101.97,22.2,2026-02-23
21,Brigham Young,121.73,99.57,22.16,2026-02-23
22,Saint Marys Ca,118.73,96.9,21.82,2026-02-23
23,Alabama,123.46999999999998,101.74,21.73,2026-02-23
24,Utah State,121.02,99.43,21.59,2026-02-23
25,St Johns Ny,117.05,95.61,21.44,2026-02-23
26,Iowa,120.49,99.96,20.53,2026-02-23
27,North Carolina State,121.68,101.38,20.31,2026-02-23
28,North Carolina,117.85,98.44,19.41,2026-02-23
29,Kentucky,118.85,99.79,19.06,2026-02-23
30,Southern Methodist,121.08,102.76,18.32,2026-02-23
31,Texas,122.51,105.06,17.45,2026-02-23
32,Villanova,117.9,100.57,17.34,2026-02-23
33,Auburn,121.44,104.23,17.21,2026-02-23
34,Georgia,119.18,102.04,17.14,2026-02-23
35,Indiana,118.4,101.77,16.63,2026-02-23
36,Clemson,114.8,98.58,16.21,2026-02-23
37,Miami Fl,116.98,101.07,15.9,2026-02-23
38,Santa Clara,118.35,102.66,15.69,2026-02-23
39,Wisconsin,119.09,103.54,15.55,2026-02-23
40,Ohio State,119.01,103.56,15.45,2026-02-23
41,Virginia Commonwealth,118.06,102.64,15.42,2026-02-23
42,Ucla,117.28,102.65,14.64,2026-02-23
43,New Mexico,115.76,101.29,14.47,2026-02-23
44,Texas Am,117.58,103.83,13.76,2026-02-23
45,San Diego State,110.65,97.46,13.2,2026-02-23
46,Belmont,117.7,104.63,13.07,2026-02-23
47,South Florida,115.12,102.28,12.839999999999998,2026-02-23
48,Tulsa,119.57,106.82,12.76,2026-02-23
49,Virginia Tech,114.61,101.9,12.71,2026-02-23
50,Yale,121.08,108.58,12.5,2026-02-23
51,Mcneese State,114.71,102.37,12.35,2026-02-23
52,Baylor,117.77,105.45,12.33,2026-02-23
53,Washington,113.47,101.25,12.23,2026-02-23
54,Akron,118.77,106.98,11.79,2026-02-23
55,Texas Christian,111.14,99.43,11.72,2026-02-23
56,High Point,117.77,106.12,11.65,2026-02-23
57,Miami Oh,117.47,105.93,11.54,2026-02-23
58,Cincinnati,107.11,95.83,11.28,2026-02-23
59,Louisiana State,117.44,106.28,11.17,2026-02-23
60,Seton Hall,106.93,95.93,10.99,2026-02-23
61,California,112.21,101.57,10.64,2026-02-23
62,Wake Forest,114.21,103.65,10.56,2026-02-23
63,Oklahoma,118.73,108.25,10.48,2026-02-23
64,Missouri,115.61,105.18,10.44,2026-02-23
65,Boise State,115.04,104.67,10.37,2026-02-23
66,Central Florida,116.92,106.54,10.37,2026-02-23
67,Wichita State,110.6,100.25,10.35,2026-02-23
68,Minnesota,111.07,100.77,10.3,2026-02-23
69,West Virginia,108.59,98.39,10.2,2026-02-23
70,Utah Valley,110.86,101.1,9.77,2026-02-23
71,Southern California,111.41,101.7,9.71,2026-02-23
72,Providence,118.51,108.88,9.64,2026-02-23
73,Hofstra,113.67,104.07,9.59,2026-02-23
74,Nevada,114.47,104.91,9.57,2026-02-23
75,Dayton,110.79,101.49,9.3,2026-02-23
76,Grand Canyon,108.7,99.5,9.19,2026-02-23
77,Northwestern,112.93,103.84,9.09,2026-02-23
78,Northern Iowa,106.7,97.67,9.03,2026-02-23
79,Colorado,115.68,106.67,9.01,2026-02-23
80,George Washington,116.12,107.11,9.01,2026-02-23
81,North Carolina Wilmington,112.53,103.76,8.77,2026-02-23
82,Stephen F Austin,110.63,101.92000000000002,8.709999999999999,2026-02-23
83,Colorado State,118.76,110.1,8.66,2026-02-23
84,Creighton,114.05,105.4,8.649999999999999,2026-02-23
85,Florida State,112.62,104.08,8.540000000000001,2026-02-23
86,Butler,114.15,105.65,8.5,2026-02-23
87,Illinois State,109.87,101.53000000000002,8.35,2026-02-23
88,Stanford,112.0,103.67,8.32,2026-02-23
89,Arizona State,112.56,104.57,7.99,2026-02-23
90,East Tennessee State,112.16,104.25,7.91,2026-02-23
91,Syracuse,111.47,103.6,7.870000000000001,2026-02-23
92,Notre Dame,112.12,104.42,7.7,2026-02-23
93,Mississippi,110.68,103.33,7.340000000000001,2026-02-23
94,Liberty,116.08,108.99,7.090000000000001,2026-02-23
95,Georgetown,112.5,105.46,7.03,2026-02-23
96,Wyoming,113.03,106.17000000000002,6.859999999999999,2026-02-23
97,Murray State,115.32,108.5,6.819999999999999,2026-02-23
98,St Thomas Mn,113.95,107.15,6.800000000000001,2026-02-23
99,George Mason,110.68,104.47,6.21,2026-02-23
100,Oklahoma State,111.5,105.34,6.16,2026-02-23
101,Pacific,110.14,104.1,6.05,2026-02-23
102,Mississippi State,110.15,104.6,5.54,2026-02-23
103,Florida Atlantic,110.16,104.63,5.53,2026-02-23
104,Davidson,110.75,105.24,5.5,2026-02-23
105,Hawaii,105.06,99.57,5.489999999999999,2026-02-23
106,South Carolina,111.26,105.78,5.47,2026-02-23
107,Depaul,107.11,101.68,5.42,2026-02-23
108,Southern Illinois,104.26,98.98,5.27,2026-02-23
109,Texas Pan American,109.93,104.68,5.25,2026-02-23
110,Xavier,111.13,106.0,5.13,2026-02-23
111,Memphis,106.29,101.27,5.0200000000000005,2026-02-23
112,Sam Houston State,111.33,106.4,4.93,2026-02-23
113,Illinois Chicago,108.29,103.4,4.89,2026-02-23
114,North Dakota State,111.28,106.4,4.88,2026-02-23
115,Bradley,110.66,106.09,4.569999999999999,2026-02-23
116,California Irvine,102.91,98.45,4.46,2026-02-23
117,Navy,106.95,102.49,4.46,2026-02-23
118,William Mary,110.99,106.72,4.279999999999999,2026-02-23
119,Winthrop,112.22,108.01,4.21,2026-02-23
120,Kansas State,110.89,106.82,4.06,2026-02-23
121,Utah,111.89,107.97,3.92,2026-02-23
122,California San Diego,107.5,103.61,3.89,2026-02-23
123,Seattle,101.08,97.31,3.77,2026-02-23
124,Alabama Birmingham,107.45,103.7,3.75,2026-02-23
125,Marquette,108.07,104.56,3.51,2026-02-23
126,Harvard,108.2,104.71999999999998,3.4799999999999995,2026-02-23
127,Montana State,109.15,105.71,3.44,2026-02-23
128,Rhode Island,106.91,103.5,3.41,2026-02-23
129,California Baptist,105.63,102.23,3.4000000000000004,2026-02-23
130,Nevada Las Vegas,112.13,108.76,3.37,2026-02-23
131,Richmond,111.38,108.05,3.3300000000000005,2026-02-23
132,Austin Peay,107.44,104.22,3.2099999999999995,2026-02-23
133,Pittsburgh,109.11,106.15,2.95,2026-02-23
134,California Santa Barbara,113.91,111.06,2.86,2026-02-23
135,Washington State,112.69,109.89,2.81,2026-02-23
136,San Francisco,110.34,107.65,2.69,2026-02-23
137,Oregon,109.19,106.54,2.65,2026-02-23
138,Wright State,110.09,107.54999999999998,2.53,2026-02-23
139,Cornell,117.59,115.07,2.52,2026-02-23
140,Duquesne,109.59,107.2,2.39,2026-02-23
141,Troy,109.65,107.36,2.29,2026-02-23
142,North Texas,103.32,101.25,2.07,2026-02-23
143,Arkansas State,110.4,108.37,2.04,2026-02-23
144,Bowling Green State,105.82,103.79,2.03,2026-02-23
145,Appalachian State,106.4,104.61,1.79,2026-02-23
146,Marist,102.64,100.88,1.76,2026-02-23
147,Marshall,111.57999999999998,109.92,1.67,2026-02-23
148,Fresno State,106.28,104.8,1.48,2026-02-23
149,Mercer,111.39,109.93,1.46,2026-02-23
150,Lipscomb,108.28,106.84,1.44,2026-02-23
151,Saint Josephs,104.74,103.47,1.27,2026-02-23
152,St Bonaventure,111.41,110.4,1.01,2026-02-23
153,College Of Charleston,106.09,105.09,1.0,2026-02-23
154,Kennesaw State,108.45,107.54,0.8999999999999999,2026-02-23
155,Portland State,102.63,101.74,0.89,2026-02-23
156,Loyola Marymount,105.53,104.64,0.89,2026-02-23
157,Valparaiso,106.32,105.46,0.86,2026-02-23
158,Pennsylvania,107.46,106.6,0.86,2026-02-23
159,Northern Colorado,110.32,109.48,0.84,2026-02-23
160,Western Kentucky,106.24,105.43,0.8099999999999999,2026-02-23
161,Toledo,111.72,110.94,0.7799999999999999,2026-02-23
162,Kent State,108.63,107.89,0.73,2026-02-23
163,Middle Tennessee,108.8,108.18,0.62,2026-02-23
164,Temple,109.48,108.87,0.61,2026-02-23
165,Penn State,112.73,112.16,0.5700000000000001,2026-02-23
166,Fordham,103.68,103.24,0.44,2026-02-23
167,Siena,107.97,107.61,0.36,2026-02-23
168,Texas Arlington,102.24,102.02,0.22,2026-02-23
169,Oakland,112.06,111.84,0.22,2026-02-23
170,Tennessee Martin,103.9,103.69,0.21,2026-02-23
171,Central Arkansas,106.87,106.75,0.11,2026-02-23
172,Idaho,107.81,107.74,0.0699999999999999,2026-02-23
173,New Mexico State,109.35,109.29,0.0699999999999999,2026-02-23
174,Robert Morris,110.27,110.25,0.02,2026-02-23
175,Buffalo,112.33,112.36,-0.03,2026-02-23
176,Furman,106.28,106.43,-0.15,2026-02-23
177,South Alabama,106.68,106.88,-0.21,2026-02-23
178,Boston College,102.19,102.41,-0.22,2026-02-23
179,Florida International,106.43,106.68,-0.25,2026-02-23
180,Dixie State,109.13,109.46,-0.33,2026-02-23
181,Columbia,107.94,108.43,-0.49,2026-02-23
182,Charlotte,111.52,112.06,-0.54,2026-02-23
183,Howard,103.38,103.99,-0.6,2026-02-23
184,Long Island University,106.01,106.78,-0.77,2026-02-23
185,Rutgers,107.77,108.6,-0.8200000000000001,2026-02-23
186,Maryland,108.09,108.92,-0.83,2026-02-23
187,Merrimack,105.97,106.84,-0.8699999999999999,2026-02-23
188,Georgia Tech,104.73,105.62,-0.88,2026-02-23
189,Weber State,110.08,111.03,-0.95,2026-02-23
190,Elon,112.53,113.67,-1.13,2026-02-23
191,Towson,102.78,103.94,-1.16,2026-02-23
192,California Davis,107.07,108.3,-1.23,2026-02-23
193,Montana,106.14,107.37,-1.23,2026-02-23
194,Tulane,106.92,108.29,-1.38,2026-02-23
195,Northern Kentucky,107.6,109.06,-1.46,2026-02-23
196,Youngstown State,107.56,109.02,-1.46,2026-02-23
197,Cal State Fullerton,107.46,109.06,-1.6,2026-02-23
198,Quinnipiac,103.83,105.51,-1.69,2026-02-23
199,Massachusetts,107.2,108.96,-1.76,2026-02-23
200,Monmouth,104.86,106.64,-1.78,2026-02-23
201,South Dakota State,107.8,109.65,-1.85,2026-02-23
202,James Madison,108.95,110.93,-1.98,2026-02-23
203,Oregon State,107.57,109.57,-2.0,2026-02-23
204,Denver,115.0,117.11,-2.11,2026-02-23
205,Cal State Northridge,105.44,107.6,-2.16,2026-02-23
206,Vermont,108.32,110.53,-2.2,2026-02-23
207,Queens Nc,114.02,116.26,-2.24,2026-02-23
208,Drexel,103.59,105.95000000000002,-2.37,2026-02-23
209,Drake,109.25,111.67,-2.42,2026-02-23
210,Green Bay,111.46,113.89,-2.43,2026-02-23
211,Texas Am Corpus Christi,101.08,103.63,-2.55,2026-02-23
212,New Orleans,107.59,110.21,-2.62,2026-02-23
213,Samford,108.29,111.13,-2.8400000000000003,2026-02-23
214,North Carolina Asheville,104.94,107.78000000000002,-2.8400000000000003,2026-02-23
215,Eastern Washington,110.16,113.06,-2.9000000000000004,2026-02-23
216,Jacksonville State,105.07,108.13,-3.06,2026-02-23
217,Idaho State,110.76,113.87,-3.11,2026-02-23
218,Maryland Baltimore County,105.73,108.94,-3.2099999999999995,2026-02-23
219,Tennessee State,106.9,110.12,-3.22,2026-02-23
220,Colgate,107.33,110.61,-3.28,2026-02-23
221,Ohio,106.84,110.22,-3.38,2026-02-23
222,Southeast Missouri State,104.64,108.05,-3.41,2026-02-23
223,Lamar,104.65,108.21,-3.5700000000000003,2026-02-23
224,Missouri State,105.65,109.39,-3.74,2026-02-23
225,Stony Brook,103.87,107.81,-3.94,2026-02-23
226,Indiana State,104.57,108.57,-4.0,2026-02-23
227,Coastal Carolina,101.66,105.81,-4.15,2026-02-23
228,Dartmouth,105.15,109.34,-4.19,2026-02-23
229,Iona,103.34,107.62,-4.279999999999999,2026-02-23
230,Wofford,109.17,113.5,-4.33,2026-02-23
231,Campbell,108.37,112.79999999999998,-4.43,2026-02-23
232,Charleston Southern,103.97,108.43,-4.46,2026-02-23
233,Southern Mississippi,103.95,108.61,-4.66,2026-02-23
234,Saint Peters,104.09,108.84,-4.75,2026-02-23
235,Eastern Michigan,102.6,107.57,-4.97,2026-02-23
236,Boston University,111.55,116.88,-5.33,2026-02-23
237,North Carolina At,105.53,110.92,-5.390000000000001,2026-02-23
238,Radford,105.34,110.75,-5.41,2026-02-23
239,Nebraska Omaha,106.49,111.9,-5.42,2026-02-23
240,Portland,103.8,109.27,-5.48,2026-02-23
241,Princeton,104.79,110.31,-5.52,2026-02-23
242,Texas State,103.19,108.92,-5.73,2026-02-23
243,La Salle,100.83,106.57,-5.75,2026-02-23
244,Nicholls State,106.18,112.01,-5.83,2026-02-23
245,Cal Poly,105.91,111.83,-5.92,2026-02-23
246,Bethune Cookman,103.13,109.06,-5.93,2026-02-23
247,Louisiana Tech,99.43,105.4,-5.96,2026-02-23
248,Old Dominion,104.03,110.03,-6.0,2026-02-23
249,Florida Gulf Coast,106.22,112.25,-6.03,2026-02-23
250,Lindenwood,100.66,106.74,-6.08,2026-02-23
251,Western Carolina,107.25,113.42000000000002,-6.16,2026-02-23
252,Eastern Kentucky,108.98,115.21999999999998,-6.239999999999999,2026-02-23
253,Southern Illinois Edwardsville,98.87,105.17,-6.29,2026-02-23
254,Morehead State,106.83,113.15,-6.32,2026-02-23
255,Sacramento State,106.6,112.93,-6.34,2026-02-23
256,Rice,105.74,112.14,-6.4,2026-02-23
257,American,104.62,111.09,-6.47,2026-02-23
258,Detroit Mercy,106.11,112.62,-6.5,2026-02-23
259,San Diego,105.8,112.39,-6.59,2026-02-23
260,Tarleton State,101.93,108.62,-6.69,2026-02-23
261,Longwood,103.56,110.26,-6.69,2026-02-23
262,Fairfield,105.76,112.54,-6.78,2026-02-23
263,Georgia Southern,105.88,112.75,-6.87,2026-02-23
264,Presbyterian,103.16,110.13,-6.97,2026-02-23
265,Mercyhurst,101.54,108.53,-6.99,2026-02-23
266,Delaware,105.11,112.28,-7.16,2026-02-23
267,Chattanooga,105.77,112.96,-7.19,2026-02-23
268,Ipfw,105.03,112.25,-7.22,2026-02-23
269,Milwaukee,105.91,113.18,-7.27,2026-02-23
270,Abilene Christian,99.47,106.88,-7.399999999999999,2026-02-23
271,Hampton,100.77,108.21,-7.430000000000001,2026-02-23
272,Texas El Paso,102.25,109.91,-7.66,2026-02-23
273,San Jose State,106.83,114.57,-7.739999999999999,2026-02-23
274,Le Moyne,103.48,111.45,-7.960000000000001,2026-02-23
275,Central Connecticut State,105.35,113.4,-8.05,2026-02-23
276,Brown,97.96,106.13,-8.16,2026-02-23
277,Long Beach State,102.35,110.6,-8.260000000000002,2026-02-23
278,East Carolina,100.48,108.93,-8.450000000000001,2026-02-23
279,Bellarmine,114.04,122.6,-8.57,2026-02-23
280,Grambling,99.43,108.07,-8.64,2026-02-23
281,Central Michigan,104.8,113.57,-8.77,2026-02-23
282,Northwestern State,103.63,112.83,-9.21,2026-02-23
283,Georgia State,99.09,108.48,-9.39,2026-02-23
284,Northeastern,105.68,115.16,-9.48,2026-02-23
285,Southern,103.24,112.72,-9.48,2026-02-23
286,Pepperdine,101.81,111.35,-9.54,2026-02-23
287,Southern Utah,102.82,112.37,-9.55,2026-02-23
288,California Riverside,101.54,111.11,-9.57,2026-02-23
289,Incarnate Word,107.0,116.73,-9.73,2026-02-23
290,Northern Arizona,105.07,114.92,-9.85,2026-02-23
291,North Dakota,105.14,115.01999999999998,-9.88,2026-02-23
292,South Carolina Upstate,99.88,109.82,-9.95,2026-02-23
293,Sacred Heart,105.68,116.15,-10.46,2026-02-23
294,Mount St Marys,99.2,109.71,-10.51,2026-02-23
295,Lehigh,100.73,111.31,-10.58,2026-02-23
296,Houston Baptist,102.8,113.42000000000002,-10.62,2026-02-23
297,Tennessee Tech,103.09,113.74,-10.65,2026-02-23
298,Southeastern Louisiana,99.01,109.89,-10.88,2026-02-23
299,South Dakota,103.69,114.69,-11.0,2026-02-23
300,Western Michigan,104.81,115.84,-11.03,2026-02-23
301,Massachusetts Lowell,103.23,114.27,-11.04,2026-02-23
302,Arkansas Little Rock,102.22,113.26,-11.04,2026-02-23
303,Jacksonville,101.63,112.82,-11.19,2026-02-23
304,Norfolk State,100.69,111.9,-11.21,2026-02-23
305,Wagner,102.69,114.21,-11.52,2026-02-23
306,Albany Ny,102.47,114.05,-11.57,2026-02-23
307,Texas Am Commerce,98.6,110.33,-11.73,2026-02-23
308,West Georgia,101.59,113.32,-11.73,2026-02-23
309,North Carolina Greensboro,106.25,118.06,-11.81,2026-02-23
310,Evansville,99.8,111.67,-11.86,2026-02-23
311,Texas Southern,102.7,114.68,-11.98,2026-02-23
312,Eastern Illinois,96.79,108.81,-12.03,2026-02-23
313,Cleveland State,108.58,120.67000000000002,-12.09,2026-02-23
314,Louisiana Lafayette,98.61,110.84,-12.22,2026-02-23
315,Alabama Am,101.1,113.46,-12.36,2026-02-23
316,New Haven,97.29,109.71,-12.42,2026-02-23
317,Njit,98.94,111.36,-12.42,2026-02-23
318,Loyola Md,102.09,114.84,-12.76,2026-02-23
319,Loyola Il,101.5,114.94,-13.44,2026-02-23
320,Alabama State,99.12,112.64,-13.52,2026-02-23
321,Manhattan,104.98,118.94,-13.96,2026-02-23
322,Stetson,102.36,116.38,-14.02,2026-02-23
323,Lafayette,100.11,114.15,-14.03,2026-02-23
324,Fairleigh Dickinson,100.59,114.73,-14.14,2026-02-23
325,Iupui,103.62,117.89,-14.27,2026-02-23
326,Ball State,96.21,110.49,-14.28,2026-02-23
327,Arkansas Pine Bluff,101.96,116.28,-14.32,2026-02-23
328,Maine,93.44,107.85,-14.41,2026-02-23
329,Holy Cross,100.69,115.15,-14.46,2026-02-23
330,Prairie View,100.69,115.19,-14.499999999999998,2026-02-23
331,Northern Illinois,97.82,112.4,-14.580000000000002,2026-02-23
332,Oral Roberts,98.77,113.54,-14.77,2026-02-23
333,Niagara,98.99,113.97,-14.98,2026-02-23
334,North Florida,105.85,120.96,-15.1,2026-02-23
335,Stonehill,92.61,107.83,-15.21,2026-02-23
336,Cal State Bakersfield,98.9,114.27,-15.38,2026-02-23
337,New Hampshire,95.92,111.32,-15.4,2026-02-23
338,Army,101.11,116.56,-15.45,2026-02-23
339,Florida Am,95.81,111.37,-15.56,2026-02-23
340,Southern Indiana,94.37,110.66,-16.29,2026-02-23
341,Bucknell,96.74,113.34,-16.6,2026-02-23
342,North Alabama,99.63,116.39,-16.76,2026-02-23
343,Chicago State,98.3,115.58,-17.28,2026-02-23
344,Maryland Eastern Shore,94.44,112.33,-17.89,2026-02-23
345,Canisius,95.17,113.16,-17.990000000000002,2026-02-23
346,North Carolina Central,99.52,118.42,-18.89,2026-02-23
347,Louisiana Monroe,99.7,119.06000000000002,-19.37,2026-02-23
348,Missouri Kansas City,94.01,113.72,-19.72,2026-02-23
349,Texas San Antonio,96.81,116.84,-20.03,2026-02-23
350,Air Force,95.27,115.33,-20.05,2026-02-23
351,Alcorn State,97.84,117.96,-20.13,2026-02-23
352,Bryant,95.0,115.14,-20.14,2026-02-23
353,Jackson State,97.15,117.47,-20.33,2026-02-23
354,Citadel,97.57,117.9,-20.33,2026-02-23
355,Saint Francis Pa,98.4,118.93,-20.53,2026-02-23
356,Morgan State,97.37,118.43999999999998,-21.07,2026-02-23
357,Binghamton,97.74,119.04999999999998,-21.31,2026-02-23
358,Virginia Military Institute,98.31,119.96,-21.65,2026-02-23
359,Rider,95.44,117.98,-22.55,2026-02-23
360,South Carolina State,94.65,118.26,-23.61,2026-02-23
361,Delaware State,89.22,113.18,-23.96,2026-02-23
362,Western Illinois,94.74,120.19,-25.45,2026-02-23
363,Gardner Webb,94.88,120.93,-26.05,2026-02-23
364,Coppin State,91.64,119.29,-27.65,2026-02-23
365,Mississippi Valley State,88.7,121.82,-33.12,2026-02-23
1,Duke,124.5775,89.897,34.6804,2026-02-23
2,Michigan,124.3345,89.7972,34.5373,2026-02-23
3,Arizona,122.6449,90.2435,32.4014,2026-02-23
4,Illinois,128.1799,98.3089,29.8711,2026-02-23
5,Florida,120.9647,92.8235,28.1411,2026-02-23
6,Gonzaga,120.946,92.824,28.122,2026-02-23
7,Purdue,126.3669,98.2504,28.1165,2026-02-23
8,Houston,119.3956,92.7438,26.6518,2026-02-23
9,Iowa State,121.6202,95.1053,26.5149,2026-02-23
10,Connecticut,119.5355,94.5317,25.0038,2026-02-23
11,Vanderbilt,122.2351,97.3959,24.8392,2026-02-23
12,Nebraska,117.5475,92.7547,24.7928,2026-02-23
13,Louisville,122.1062,97.7386,24.3676,2026-02-23
14,Michigan State,117.8311,93.9046,23.9265,2026-02-23
15,Tennessee,118.8072,95.1676,23.6396,2026-02-23
16,Kansas,117.0257,94.3502,22.6755,2026-02-23
17,Virginia,120.1898,97.5207,22.6691,2026-02-23
18,Texas Tech,121.0173,98.3959,22.6214,2026-02-23
19,Saint Louis,120.5073,97.8914,22.6159,2026-02-23
20,Arkansas,124.2249,101.8857,22.3391,2026-02-23
21,Brigham Young,121.7587,99.5214,22.2373,2026-02-23
22,Saint Marys Ca,118.7966,96.9571,21.8395,2026-02-23
23,Alabama,123.5537,101.7595,21.7942,2026-02-23
24,Utah State,121.0978,99.4398,21.6579,2026-02-23
25,St Johns Ny,117.0595,95.6016,21.4579,2026-02-23
26,Iowa,120.4564,99.9417,20.5148,2026-02-23
27,North Carolina State,121.6793,101.3452,20.3341,2026-02-23
28,North Carolina,117.8796,98.4233,19.4564,2026-02-23
29,Kentucky,118.8408,99.8005,19.0402,2026-02-23
30,Southern Methodist,121.151,102.8331,18.3178,2026-02-23
31,Texas,122.566,104.9912,17.5748,2026-02-23
32,Villanova,117.9234,100.5749,17.3485,2026-02-23
33,Auburn,121.5013,104.1749,17.3265,2026-02-23
34,Georgia,119.1984,102.0133,17.1851,2026-02-23
35,Indiana,118.4867,101.7752,16.7115,2026-02-23
36,Clemson,114.7909,98.5894,16.2015,2026-02-23
37,Miami Fl,116.9708,101.0605,15.9104,2026-02-23
38,Santa Clara,118.3721,102.6123,15.7598,2026-02-23
39,Wisconsin,119.1986,103.5329,15.6656,2026-02-23
40,Virginia Commonwealth,118.16,102.5808,15.5792,2026-02-23
41,Ohio State,119.0253,103.5554,15.4698,2026-02-23
42,Ucla,117.3413,102.5522,14.7891,2026-02-23
43,New Mexico,115.7917,101.2449,14.5468,2026-02-23
44,Texas Am,117.5726,103.79,13.7826,2026-02-23
45,San Diego State,110.7092,97.4673,13.242,2026-02-23
46,Belmont,117.7437,104.6012,13.1425,2026-02-23
47,South Florida,115.123,102.2733,12.8497,2026-02-23
48,Tulsa,119.6011,106.8343,12.7668,2026-02-23
49,Yale,121.1661,108.5112,12.6549,2026-02-23
50,Virginia Tech,114.5508,101.9405,12.6103,2026-02-23
51,Baylor,117.8648,105.4497,12.4152,2026-02-23
52,Mcneese State,114.7844,102.3965,12.388,2026-02-23
53,Washington,113.5157,101.2504,12.2653,2026-02-23
54,Akron,118.8068,106.9336,11.8732,2026-02-23
55,Texas Christian,111.1268,99.3401,11.7867,2026-02-23
56,High Point,117.8191,106.1363,11.6828,2026-02-23
57,Miami Oh,117.526,105.8478,11.6782,2026-02-23
58,Louisiana State,117.5092,106.2562,11.253,2026-02-23
59,Cincinnati,107.0943,95.8683,11.226,2026-02-23
60,Seton Hall,107.0484,95.9519,11.0965,2026-02-23
61,California,112.2595,101.5374,10.7221,2026-02-23
62,Oklahoma,118.7737,108.1268,10.6469,2026-02-23
63,Missouri,115.702,105.1402,10.5618,2026-02-23
64,Wake Forest,114.2511,103.7074,10.5437,2026-02-23
65,Wichita State,110.6168,100.1795,10.4373,2026-02-23
66,Central Florida,116.9775,106.5903,10.3871,2026-02-23
67,Boise State,114.984,104.7002,10.2838,2026-02-23
68,Minnesota,111.0832,100.8051,10.2781,2026-02-23
69,West Virginia,108.6326,98.444,10.1887,2026-02-23
70,Utah Valley,110.9119,101.0164,9.8956,2026-02-23
71,Southern California,111.468,101.7049,9.763,2026-02-23
72,Providence,118.5756,108.8219,9.7537,2026-02-23
73,Hofstra,113.6686,103.9644,9.7042,2026-02-23
74,Nevada,114.5634,104.9027,9.6607,2026-02-23
75,Dayton,110.859,101.471,9.388,2026-02-23
76,Grand Canyon,108.7797,99.4436,9.3361,2026-02-23
77,Colorado,115.8021,106.6171,9.185,2026-02-23
78,George Washington,116.1758,107.0222,9.1536,2026-02-23
79,Northern Iowa,106.7679,97.6282,9.1397,2026-02-23
80,Northwestern,112.9137,103.8503,9.0634,2026-02-23
81,Creighton,114.1296,105.3278,8.8018,2026-02-23
82,North Carolina Wilmington,112.5665,103.7861,8.7804,2026-02-23
83,Stephen F Austin,110.6427,101.9282,8.7145,2026-02-23
84,Colorado State,118.758,110.0797,8.6783,2026-02-23
85,Florida State,112.6907,104.0761,8.6146,2026-02-23
86,Butler,114.1598,105.593,8.5668,2026-02-23
87,Illinois State,109.9616,101.4908,8.4708,2026-02-23
88,Stanford,112.0247,103.6926,8.3321,2026-02-23
89,Arizona State,112.6521,104.5922,8.0599,2026-02-23
90,East Tennessee State,112.2329,104.2825,7.9504,2026-02-23
91,Syracuse,111.459,103.5458,7.9133,2026-02-23
92,Notre Dame,112.1304,104.4471,7.6833,2026-02-23
93,Mississippi,110.7684,103.2515,7.5169,2026-02-23
94,Liberty,116.1848,108.942,7.2428,2026-02-23
95,Georgetown,112.6018,105.4312,7.1706,2026-02-23
96,St Thomas Mn,114.0715,107.0947,6.9767,2026-02-23
97,Murray State,115.3805,108.4427,6.9377,2026-02-23
98,Wyoming,113.0004,106.1885,6.8119,2026-02-23
99,George Mason,110.7506,104.4912,6.2594,2026-02-23
100,Oklahoma State,111.5279,105.3821,6.1458,2026-02-23
101,Pacific,110.1296,104.0961,6.0335,2026-02-23
102,Florida Atlantic,110.2318,104.5754,5.6564,2026-02-23
103,Mississippi State,110.2071,104.5993,5.6078,2026-02-23
104,Davidson,110.784,105.2044,5.5796,2026-02-23
105,South Carolina,111.3205,105.7512,5.5693,2026-02-23
106,Hawaii,105.055,99.5586,5.4963,2026-02-23
107,Depaul,107.1695,101.7188,5.4507,2026-02-23
108,Southern Illinois,104.322,98.9006,5.4214,2026-02-23
109,Texas Pan American,109.9733,104.6868,5.2865,2026-02-23
110,Xavier,111.1512,106.0104,5.1408,2026-02-23
111,Illinois Chicago,108.439,103.3728,5.0662,2026-02-23
112,Memphis,106.3216,101.2573,5.0643,2026-02-23
113,North Dakota State,111.3405,106.4208,4.9197,2026-02-23
114,Sam Houston State,111.3047,106.3863,4.9184,2026-02-23
115,Bradley,110.7034,106.0666,4.6369,2026-02-23
116,California Irvine,103.0208,98.4554,4.5654,2026-02-23
117,Navy,107.0169,102.4964,4.5205,2026-02-23
118,William Mary,111.0115,106.7084,4.3031,2026-02-23
119,Winthrop,112.2233,108.0189,4.2043,2026-02-23
120,Kansas State,110.8884,106.7182,4.1702,2026-02-23
121,Utah,112.0002,108.0145,3.9857,2026-02-23
122,Alabama Birmingham,107.5243,103.6601,3.8642,2026-02-23
123,California San Diego,107.4871,103.6377,3.8493,2026-02-23
124,Seattle,101.0749,97.3286,3.7463,2026-02-23
125,Harvard,108.3108,104.6538,3.657,2026-02-23
126,Marquette,108.1677,104.5441,3.6236,2026-02-23
127,Montana State,109.2291,105.7078,3.5213,2026-02-23
128,Richmond,111.4078,107.9832,3.4246,2026-02-23
129,Nevada Las Vegas,112.2035,108.7817,3.4218,2026-02-23
130,California Baptist,105.6229,102.2131,3.4097,2026-02-23
131,Rhode Island,106.9107,103.5173,3.3935,2026-02-23
132,Austin Peay,107.5079,104.2024,3.3055,2026-02-23
133,Pittsburgh,109.0964,106.1605,2.936,2026-02-23
134,California Santa Barbara,113.9888,111.0643,2.9245,2026-02-23
135,San Francisco,110.4105,107.5822,2.8284,2026-02-23
136,Oregon,109.2468,106.5309,2.7159,2026-02-23
137,Wright State,110.175,107.4824,2.6926,2026-02-23
138,Washington State,112.6108,109.9186,2.6922,2026-02-23
139,Cornell,117.6903,115.084,2.6064,2026-02-23
140,Duquesne,109.6218,107.2019,2.42,2026-02-23
141,Troy,109.7019,107.3481,2.3538,2026-02-23
142,Arkansas State,110.4863,108.2605,2.2257,2026-02-23
143,North Texas,103.3991,101.2441,2.155,2026-02-23
144,Bowling Green State,105.896,103.754,2.142,2026-02-23
145,Appalachian State,106.4966,104.6007,1.8959,2026-02-23
146,Marist,102.7521,100.8679,1.8842,2026-02-23
147,Marshall,111.6444,109.9375,1.7069,2026-02-23
148,Fresno State,106.3176,104.7522,1.5654,2026-02-23
149,Lipscomb,108.3638,106.8191,1.5447,2026-02-23
150,Mercer,111.4661,109.9394,1.5267,2026-02-23
151,Saint Josephs,104.7805,103.4993,1.2812,2026-02-23
152,St Bonaventure,111.5114,110.3065,1.2049,2026-02-23
153,College Of Charleston,106.1909,105.0589,1.132,2026-02-23
154,Kennesaw State,108.4585,107.4798,0.9787,2026-02-23
155,Loyola Marymount,105.614,104.6402,0.9737,2026-02-23
156,Western Kentucky,106.3238,105.3795,0.9443,2026-02-23
157,Northern Colorado,110.3411,109.4033,0.9378,2026-02-23
158,Pennsylvania,107.4957,106.5689,0.9268,2026-02-23
159,Portland State,102.6456,101.7449,0.9007,2026-02-23
160,Valparaiso,106.383,105.5047,0.8783,2026-02-23
161,Toledo,111.8066,110.9365,0.8701,2026-02-23
162,Kent State,108.7231,107.8708,0.8523,2026-02-23
163,Middle Tennessee,108.8234,108.1359,0.6876,2026-02-23
164,Temple,109.5183,108.8385,0.6797,2026-02-23
165,Penn State,112.8562,112.2002,0.6559,2026-02-23
166,Fordham,103.7488,103.1613,0.5875,2026-02-23
167,Siena,108.0019,107.5547,0.4472,2026-02-23
168,Tennessee Martin,103.9669,103.6041,0.3628,2026-02-23
169,Oakland,112.1638,111.807,0.3568,2026-02-23
170,Texas Arlington,102.2753,102.0026,0.2727,2026-02-23
171,Central Arkansas,106.9781,106.7773,0.2009,2026-02-23
172,Buffalo,112.4622,112.3258,0.1364,2026-02-23
173,Robert Morris,110.2485,110.1942,0.0543,2026-02-23
174,Idaho,107.8179,107.764,0.0539,2026-02-23
175,New Mexico State,109.4241,109.3737,0.0504,2026-02-23
176,South Alabama,106.7299,106.8671,-0.1372,2026-02-23
177,Boston College,102.2668,102.4199,-0.1531,2026-02-23
178,Furman,106.3049,106.4895,-0.1846,2026-02-23
179,Florida International,106.4385,106.7045,-0.266,2026-02-23
180,Dixie State,109.1073,109.4354,-0.3282,2026-02-23
181,Columbia,108.0043,108.3745,-0.3702,2026-02-23
182,Howard,103.437,103.938,-0.501,2026-02-23
183,Charlotte,111.501,112.0369,-0.5359,2026-02-23
184,Maryland,108.1452,108.8837,-0.7385,2026-02-23
185,Rutgers,107.7968,108.5838,-0.787,2026-02-23
186,Long Island University,106.0124,106.8016,-0.7893,2026-02-23
187,Merrimack,106.0074,106.8181,-0.8108,2026-02-23
188,Georgia Tech,104.7558,105.6014,-0.8456,2026-02-23
189,Weber State,110.1332,110.9845,-0.8513,2026-02-23
190,Elon,112.5964,113.6757,-1.0793,2026-02-23
191,Towson,102.8142,103.9285,-1.1143,2026-02-23
192,Montana,106.1258,107.3721,-1.2463,2026-02-23
193,Tulane,106.9825,108.2497,-1.2672,2026-02-23
194,California Davis,107.0415,108.3205,-1.279,2026-02-23
195,Youngstown State,107.6373,109.0047,-1.3674,2026-02-23
196,Northern Kentucky,107.6275,109.0224,-1.3949,2026-02-23
197,Cal State Fullerton,107.4579,109.0165,-1.5585,2026-02-23
198,Quinnipiac,103.8112,105.503,-1.6918,2026-02-23
199,Massachusetts,107.1931,108.9483,-1.7552,2026-02-23
200,South Dakota State,107.841,109.6354,-1.7944,2026-02-23
201,Monmouth,104.8386,106.6639,-1.8252,2026-02-23
202,Denver,115.0733,117.0575,-1.9842,2026-02-23
203,Oregon State,107.5922,109.5964,-2.0042,2026-02-23
204,James Madison,108.9234,110.9744,-2.051,2026-02-23
205,Cal State Northridge,105.409,107.5772,-2.1682,2026-02-23
206,Vermont,108.3496,110.5809,-2.2313,2026-02-23
207,Queens Nc,114.0043,116.2608,-2.2565,2026-02-23
208,Drake,109.3636,111.6506,-2.287,2026-02-23
209,Drexel,103.632,105.9325,-2.3006,2026-02-23
210,Green Bay,111.5338,113.857,-2.3232,2026-02-23
211,Texas Am Corpus Christi,101.1168,103.6201,-2.5032,2026-02-23
212,New Orleans,107.6141,110.1891,-2.575,2026-02-23
213,North Carolina Asheville,104.9937,107.7844,-2.7906,2026-02-23
214,Eastern Washington,110.1707,112.9716,-2.8008,2026-02-23
215,Samford,108.3021,111.1377,-2.8356,2026-02-23
216,Jacksonville State,105.154,108.1379,-2.9839,2026-02-23
217,Idaho State,110.849,113.8631,-3.0141,2026-02-23
218,Tennessee State,106.9893,110.0595,-3.0702,2026-02-23
219,Maryland Baltimore County,105.7832,108.924,-3.1408,2026-02-23
220,Colgate,107.3839,110.5537,-3.1698,2026-02-23
221,Southeast Missouri State,104.7093,107.9734,-3.2641,2026-02-23
222,Ohio,106.9008,110.2107,-3.3099,2026-02-23
223,Lamar,104.6875,108.1717,-3.4842,2026-02-23
224,Missouri State,105.7106,109.3879,-3.6773,2026-02-23
225,Stony Brook,103.9194,107.7095,-3.7901,2026-02-23
226,Indiana State,104.6673,108.5814,-3.9141,2026-02-23
227,Coastal Carolina,101.6954,105.77,-4.0747,2026-02-23
228,Dartmouth,105.1896,109.2904,-4.1009,2026-02-23
229,Iona,103.3131,107.5353,-4.2222,2026-02-23
230,Wofford,109.184,113.5255,-4.3415,2026-02-23
231,Charleston Southern,104.051,108.3935,-4.3425,2026-02-23
232,Campbell,108.455,112.7995,-4.3444,2026-02-23
233,Southern Mississippi,104.0023,108.5509,-4.5487,2026-02-23
234,Saint Peters,104.0618,108.8593,-4.7975,2026-02-23
235,Eastern Michigan,102.6078,107.5068,-4.899,2026-02-23
236,Boston University,111.6186,116.8278,-5.2092,2026-02-23
237,Nebraska Omaha,106.5958,111.8858,-5.2901,2026-02-23
238,North Carolina At,105.5511,110.9139,-5.3628,2026-02-23
239,Radford,105.3109,110.7565,-5.4456,2026-02-23
240,Portland,103.7624,109.2635,-5.5011,2026-02-23
241,Princeton,104.8322,110.355,-5.5229,2026-02-23
242,Nicholls State,106.2624,111.9649,-5.7025,2026-02-23
243,La Salle,100.8505,106.5588,-5.7083,2026-02-23
244,Texas State,103.1395,108.9119,-5.7724,2026-02-23
245,Bethune Cookman,103.2264,109.0003,-5.7738,2026-02-23
246,Lindenwood,100.8403,106.6358,-5.7955,2026-02-23
247,Cal Poly,105.9822,111.8143,-5.8322,2026-02-23
248,Louisiana Tech,99.5319,105.421,-5.8891,2026-02-23
249,Old Dominion,104.0475,110.003,-5.9556,2026-02-23
250,Florida Gulf Coast,106.2242,112.235,-6.0108,2026-02-23
251,Western Carolina,107.2923,113.4506,-6.1583,2026-02-23
252,Morehead State,106.9405,113.1336,-6.1931,2026-02-23
253,Eastern Kentucky,108.9967,115.1957,-6.1991,2026-02-23
254,Southern Illinois Edwardsville,98.9392,105.1427,-6.2035,2026-02-23
255,Sacramento State,106.6051,112.852,-6.2469,2026-02-23
256,Rice,105.8603,112.1132,-6.2529,2026-02-23
257,American,104.7208,111.0737,-6.3529,2026-02-23
258,Detroit Mercy,106.1551,112.5792,-6.4241,2026-02-23
259,San Diego,105.8679,112.3488,-6.481,2026-02-23
260,Longwood,103.612,110.1522,-6.5402,2026-02-23
261,Tarleton State,101.9955,108.6257,-6.6302,2026-02-23
262,Fairfield,105.7922,112.4726,-6.6804,2026-02-23
263,Mercyhurst,101.6445,108.5016,-6.8571,2026-02-23
264,Georgia Southern,105.8599,112.7371,-6.8772,2026-02-23
265,Presbyterian,103.1995,110.0853,-6.8858,2026-02-23
266,Delaware,105.1656,112.2343,-7.0687,2026-02-23
267,Milwaukee,105.9349,113.1158,-7.1809,2026-02-23
268,Chattanooga,105.7705,112.9945,-7.2241,2026-02-23
269,Ipfw,105.0112,112.2428,-7.2316,2026-02-23
270,Abilene Christian,99.5797,106.8873,-7.3076,2026-02-23
271,Hampton,100.8525,108.2796,-7.4271,2026-02-23
272,Texas El Paso,102.2832,109.847,-7.5638,2026-02-23
273,San Jose State,106.8755,114.4794,-7.6039,2026-02-23
274,Le Moyne,103.6071,111.4463,-7.8392,2026-02-23
275,Central Connecticut State,105.4008,113.4333,-8.0324,2026-02-23
276,Brown,98.0242,106.111,-8.0868,2026-02-23
277,Long Beach State,102.422,110.5752,-8.1532,2026-02-23
278,East Carolina,100.5038,108.9322,-8.4284,2026-02-23
279,Grambling,99.4976,108.0435,-8.5459,2026-02-23
280,Bellarmine,114.0371,122.5916,-8.5544,2026-02-23
281,Central Michigan,104.8335,113.5538,-8.7203,2026-02-23
282,Northwestern State,103.7547,112.8843,-9.1295,2026-02-23
283,Northeastern,105.7374,115.1425,-9.4051,2026-02-23
284,Southern,103.2439,112.6685,-9.4246,2026-02-23
285,Pepperdine,101.8613,111.3305,-9.4692,2026-02-23
286,California Riverside,101.6208,111.1067,-9.4859,2026-02-23
287,Georgia State,99.0578,108.5679,-9.5101,2026-02-23
288,Southern Utah,102.8606,112.4023,-9.5417,2026-02-23
289,Incarnate Word,107.0489,116.6693,-9.6205,2026-02-23
290,North Dakota,105.2843,114.9468,-9.6626,2026-02-23
291,South Carolina Upstate,99.9572,109.7529,-9.7957,2026-02-23
292,Northern Arizona,105.1147,114.9251,-9.8103,2026-02-23
293,Lehigh,100.8418,111.2796,-10.4378,2026-02-23
294,Mount St Marys,99.2633,109.722,-10.4587,2026-02-23
295,Sacred Heart,105.6663,116.1288,-10.4625,2026-02-23
296,Tennessee Tech,103.1121,113.6928,-10.5807,2026-02-23
297,Houston Baptist,102.8508,113.4556,-10.6048,2026-02-23
298,Southeastern Louisiana,99.0604,109.7812,-10.7208,2026-02-23
299,South Dakota,103.7843,114.6406,-10.8563,2026-02-23
300,Arkansas Little Rock,102.3134,113.1953,-10.8819,2026-02-23
301,Western Michigan,104.8591,115.7835,-10.9244,2026-02-23
302,Massachusetts Lowell,103.2532,114.2667,-11.0135,2026-02-23
303,Norfolk State,100.8087,111.8891,-11.0804,2026-02-23
304,Jacksonville,101.6072,112.8842,-11.277,2026-02-23
305,Wagner,102.689,114.1114,-11.4224,2026-02-23
306,Albany Ny,102.5031,113.9763,-11.4732,2026-02-23
307,Texas Am Commerce,98.7328,110.3104,-11.5776,2026-02-23
308,West Georgia,101.654,113.3063,-11.6523,2026-02-23
309,Evansville,99.9054,111.6194,-11.714,2026-02-23
310,North Carolina Greensboro,106.2311,118.0356,-11.8044,2026-02-23
311,Texas Southern,102.7417,114.6053,-11.8636,2026-02-23
312,Eastern Illinois,96.8151,108.7846,-11.9695,2026-02-23
313,Cleveland State,108.6959,120.6887,-11.9928,2026-02-23
314,Louisiana Lafayette,98.6482,110.8601,-12.2119,2026-02-23
315,Alabama Am,101.1386,113.3864,-12.2479,2026-02-23
316,New Haven,97.3851,109.7223,-12.3372,2026-02-23
317,Njit,98.8885,111.3753,-12.4868,2026-02-23
318,Loyola Md,102.1623,114.7871,-12.6247,2026-02-23
319,Loyola Il,101.5792,114.9548,-13.3756,2026-02-23
320,Alabama State,99.1893,112.5827,-13.3934,2026-02-23
321,Manhattan,105.0388,118.9523,-13.9136,2026-02-23
322,Lafayette,100.1173,114.059,-13.9418,2026-02-23
323,Stetson,102.382,116.3768,-13.9948,2026-02-23
324,Fairleigh Dickinson,100.67,114.7007,-14.0307,2026-02-23
325,Arkansas Pine Bluff,102.0639,116.1744,-14.1105,2026-02-23
326,Iupui,103.7197,117.8318,-14.1121,2026-02-23
327,Ball State,96.2485,110.4293,-14.1809,2026-02-23
328,Holy Cross,100.7669,115.0861,-14.3193,2026-02-23
329,Maine,93.3743,107.8291,-14.4548,2026-02-23
330,Prairie View,100.7374,115.235,-14.4976,2026-02-23
331,Northern Illinois,97.8277,112.3857,-14.5579,2026-02-23
332,Oral Roberts,98.8533,113.4878,-14.6345,2026-02-23
333,Niagara,99.0943,113.9685,-14.8742,2026-02-23
334,North Florida,105.8701,120.8881,-15.018,2026-02-23
335,Stonehill,92.6395,107.8034,-15.1639,2026-02-23
336,New Hampshire,95.9604,111.3325,-15.372,2026-02-23
337,Army,101.1505,116.5251,-15.3746,2026-02-23
338,Cal State Bakersfield,98.9145,114.2891,-15.3746,2026-02-23
339,Florida Am,95.9237,111.3058,-15.3821,2026-02-23
340,Southern Indiana,94.4156,110.6747,-16.2591,2026-02-23
341,Bucknell,96.8455,113.3054,-16.4598,2026-02-23
342,North Alabama,99.6623,116.3744,-16.7121,2026-02-23
343,Chicago State,98.3998,115.5121,-17.1124,2026-02-23
344,Maryland Eastern Shore,94.4472,112.305,-17.8578,2026-02-23
345,Canisius,95.2044,113.1688,-17.9644,2026-02-23
346,North Carolina Central,99.5348,118.3603,-18.8256,2026-02-23
347,Louisiana Monroe,99.7518,119.0143,-19.2625,2026-02-23
348,Missouri Kansas City,94.1171,113.6527,-19.5356,2026-02-23
349,Air Force,95.3445,115.2852,-19.9407,2026-02-23
350,Texas San Antonio,96.8879,116.8531,-19.9652,2026-02-23
351,Bryant,95.0813,115.1288,-20.0474,2026-02-23
352,Alcorn State,97.8631,117.9318,-20.0687,2026-02-23
353,Citadel,97.5734,117.8228,-20.2494,2026-02-23
354,Jackson State,97.2023,117.4772,-20.2749,2026-02-23
355,Saint Francis Pa,98.4182,118.9034,-20.4852,2026-02-23
356,Morgan State,97.3973,118.3752,-20.9779,2026-02-23
357,Binghamton,97.778,118.9824,-21.2045,2026-02-23
358,Virginia Military Institute,98.2662,119.9357,-21.6695,2026-02-23
359,Rider,95.4525,117.9669,-22.5144,2026-02-23
360,South Carolina State,94.6987,118.2222,-23.5235,2026-02-23
361,Delaware State,89.2771,113.1989,-23.9218,2026-02-23
362,Western Illinois,94.8645,120.1656,-25.301,2026-02-23
363,Gardner Webb,94.9987,120.9023,-25.9035,2026-02-23
364,Coppin State,91.7333,119.2522,-27.5188,2026-02-23
365,Mississippi Valley State,88.7649,121.7599,-32.995,2026-02-23
1,Duke,124.4887,89.8418,34.647,2026-02-23
2,Michigan,124.2807,89.7926,34.4881,2026-02-23
3,Arizona,122.5855,90.2003,32.3852,2026-02-23
4,Illinois,128.063,98.2675,29.7955,2026-02-23
5,Gonzaga,120.9268,92.7516,28.1752,2026-02-23
6,Florida,120.9359,92.7759,28.16,2026-02-23
7,Purdue,126.2922,98.2298,28.0624,2026-02-23
8,Houston,119.3989,92.7465,26.6524,2026-02-23
9,Iowa State,121.5358,95.1107,26.4251,2026-02-23
10,Connecticut,119.4693,94.5262,24.9432,2026-02-23
11,Vanderbilt,122.2619,97.4221,24.8398,2026-02-23
12,Nebraska,117.4471,92.835,24.6121,2026-02-23
13,Louisville,122.077,97.7111,24.3659,2026-02-23
14,Michigan State,117.7817,93.8809,23.9008,2026-02-23
15,Tennessee,118.7745,95.1675,23.6071,2026-02-23
16,Virginia,120.1602,97.4795,22.6807,2026-02-23
17,Kansas,117.0023,94.325,22.6773,2026-02-23
18,Saint Louis,120.4121,97.8524,22.5597,2026-02-23
19,Texas Tech,120.9852,98.428,22.5573,2026-02-23
20,Arkansas,124.1628,101.8561,22.3067,2026-02-23
21,Brigham Young,121.7531,99.5373,22.2158,2026-02-23
22,Saint Marys Ca,118.6993,96.8987,21.8006,2026-02-23
23,Alabama,123.4582,101.7192,21.739,2026-02-23
24,Utah State,121.0271,99.4539,21.5733,2026-02-23
25,St Johns Ny,117.0392,95.5739,21.4653,2026-02-23
26,Iowa,120.4619,99.917,20.5449,2026-02-23
27,North Carolina State,121.6176,101.2888,20.3288,2026-02-23
28,North Carolina,117.828,98.3874,19.4407,2026-02-23
29,Kentucky,118.7811,99.7523,19.0288,2026-02-23
30,Southern Methodist,121.1051,102.7971,18.308,2026-02-23
31,Texas,122.5257,104.9941,17.5316,2026-02-23
32,Villanova,117.8838,100.5856,17.2982,2026-02-23
33,Auburn,121.437,104.1417,17.2953,2026-02-23
34,Georgia,119.1706,101.962,17.2086,2026-02-23
35,Indiana,118.4354,101.7996,16.6358,2026-02-23
36,Clemson,114.8044,98.5949,16.2096,2026-02-23
37,Miami Fl,116.9481,101.1123,15.8358,2026-02-23
38,Santa Clara,118.2706,102.5947,15.6759,2026-02-23
39,Wisconsin,119.1429,103.522,15.6209,2026-02-23
40,Virginia Commonwealth,118.0986,102.621,15.4776,2026-02-23
41,Ohio State,118.9461,103.5323,15.4138,2026-02-23
42,Ucla,117.2012,102.5599,14.6413,2026-02-23
43,New Mexico,115.6953,101.217,14.4783,2026-02-23
44,Texas Am,117.6156,103.8159,13.7997,2026-02-23
45,San Diego State,110.6582,97.437,13.2212,2026-02-23
46,Belmont,117.6991,104.6398,13.0593,2026-02-23
47,South Florida,115.1226,102.3294,12.7932,2026-02-23
48,Tulsa,119.5419,106.854,12.6879,2026-02-23
49,Virginia Tech,114.5501,101.9243,12.6258,2026-02-23
50,Yale,121.055,108.4982,12.5567,2026-02-23
51,Mcneese State,114.7785,102.3298,12.4487,2026-02-23
52,Baylor,117.787,105.3988,12.3882,2026-02-23
53,Washington,113.4598,101.2377,12.2221,2026-02-23
54,Texas Christian,111.1646,99.3754,11.7892,2026-02-23
55,Akron,118.7328,106.9807,11.7522,2026-02-23
56,High Point,117.809,106.0841,11.725,2026-02-23
57,Miami Oh,117.4376,105.9056,11.532,2026-02-23
58,Louisiana State,117.4921,106.2302,11.2618,2026-02-23
59,Cincinnati,107.034,95.836,11.1981,2026-02-23
60,Seton Hall,106.9315,95.9121,11.0194,2026-02-23
61,California,112.2423,101.5531,10.6893,2026-02-23
62,Oklahoma,118.7448,108.1603,10.5845,2026-02-23
63,Wake Forest,114.178,103.6913,10.4867,2026-02-23
64,Wichita State,110.6398,100.1886,10.4512,2026-02-23
65,Missouri,115.6326,105.2075,10.4251,2026-02-23
66,Central Florida,116.9092,106.5055,10.4037,2026-02-23
67,Boise State,114.9996,104.6658,10.3338,2026-02-23
68,Minnesota,111.1006,100.8457,10.2549,2026-02-23
69,West Virginia,108.5481,98.4134,10.1347,2026-02-23
70,Utah Valley,110.8943,100.9933,9.901,2026-02-23
71,Southern California,111.4275,101.6754,9.7521,2026-02-23
72,Hofstra,113.6774,103.971,9.7064,2026-02-23
73,Providence,118.4804,108.8188,9.6616,2026-02-23
74,Nevada,114.5305,104.9007,9.6297,2026-02-23
75,Dayton,110.8184,101.4938,9.3246,2026-02-23
76,Grand Canyon,108.7228,99.4622,9.2606,2026-02-23
77,Colorado,115.7535,106.5648,9.1887,2026-02-23
78,Northwestern,112.9269,103.8221,9.1048,2026-02-23
79,George Washington,116.1274,107.036,9.0914,2026-02-23
80,Northern Iowa,106.7105,97.6647,9.0459,2026-02-23
81,North Carolina Wilmington,112.5788,103.7299,8.8489,2026-02-23
82,Creighton,114.085,105.3124,8.7727,2026-02-23
83,Stephen F Austin,110.565,101.8123,8.7527,2026-02-23
84,Colorado State,118.7251,110.0493,8.6758,2026-02-23
85,Florida State,112.6472,104.08,8.5671,2026-02-23
86,Butler,114.1347,105.6348,8.4999,2026-02-23
87,Stanford,112.0187,103.6027,8.416,2026-02-23
88,Illinois State,109.8901,101.5166,8.3735,2026-02-23
89,Arizona State,112.5697,104.5589,8.0108,2026-02-23
90,East Tennessee State,112.1429,104.2273,7.9156,2026-02-23
91,Syracuse,111.3685,103.5697,7.7988,2026-02-23
92,Notre Dame,112.082,104.4654,7.6166,2026-02-23
93,Mississippi,110.653,103.2929,7.3601,2026-02-23
94,Liberty,116.1275,108.9601,7.1674,2026-02-23
95,Georgetown,112.4981,105.4204,7.0776,2026-02-23
96,St Thomas Mn,114.0772,107.0425,7.0347,2026-02-23
97,Murray State,115.3015,108.5006,6.8008,2026-02-23
98,Wyoming,113.0046,106.2101,6.7945,2026-02-23
99,George Mason,110.6825,104.4228,6.2598,2026-02-23
100,Oklahoma State,111.4123,105.2843,6.1281,2026-02-23
101,Pacific,110.0935,104.1087,5.9848,2026-02-23
102,Florida Atlantic,110.2131,104.5935,5.6195,2026-02-23
103,Mississippi State,110.2029,104.6064,5.5965,2026-02-23
104,Davidson,110.6429,105.1517,5.4912,2026-02-23
105,South Carolina,111.2408,105.7564,5.4844,2026-02-23
106,Hawaii,105.0423,99.5677,5.4746,2026-02-23
107,Depaul,107.1257,101.6666,5.4591,2026-02-23
108,Southern Illinois,104.2978,98.9104,5.3875,2026-02-23
109,Texas Pan American,109.9391,104.631,5.308,2026-02-23
110,Xavier,111.1505,105.9968,5.1537,2026-02-23
111,Memphis,106.202,101.2617,4.9403,2026-02-23
112,Illinois Chicago,108.2905,103.3529,4.9375,2026-02-23
113,Sam Houston State,111.3239,106.4011,4.9227,2026-02-23
114,North Dakota State,111.2667,106.3928,4.8739,2026-02-23
115,Bradley,110.63,106.0087,4.6214,2026-02-23
116,Navy,106.9396,102.456,4.4836,2026-02-23
117,California Irvine,102.9237,98.4614,4.4623,2026-02-23
118,William Mary,110.9655,106.7007,4.2648,2026-02-23
119,Winthrop,112.2185,108.0419,4.1766,2026-02-23
120,Kansas State,110.8691,106.7479,4.1212,2026-02-23
121,Utah,111.9443,108.0054,3.9389,2026-02-23
122,California San Diego,107.4216,103.5893,3.8323,2026-02-23
123,Alabama Birmingham,107.4872,103.6731,3.8142,2026-02-23
124,Seattle,101.0149,97.282,3.7329,2026-02-23
125,Harvard,108.3189,104.6328,3.6861,2026-02-23
126,Montana State,109.2114,105.6131,3.5983,2026-02-23
127,Marquette,108.0634,104.5048,3.5586,2026-02-23
128,California Baptist,105.643,102.1496,3.4934,2026-02-23
129,Nevada Las Vegas,112.1509,108.767,3.3839,2026-02-23
130,Rhode Island,106.8472,103.4904,3.3567,2026-02-23
131,Richmond,111.3434,107.9871,3.3564,2026-02-23
132,Austin Peay,107.4566,104.3026,3.154,2026-02-23
133,Pittsburgh,109.0914,106.1067,2.9847,2026-02-23
134,California Santa Barbara,113.9683,111.0515,2.9169,2026-02-23
135,Washington State,112.6904,109.8729,2.8175,2026-02-23
136,San Francisco,110.3134,107.5761,2.7372,2026-02-23
137,Oregon,109.2277,106.5991,2.6286,2026-02-23
138,Cornell,117.6556,115.0374,2.6181,2026-02-23
139,Wright State,110.0807,107.4854,2.5953,2026-02-23
140,Troy,109.6871,107.3397,2.3474,2026-02-23
141,Duquesne,109.5261,107.1807,2.3454,2026-02-23
142,Arkansas State,110.3751,108.311,2.0642,2026-02-23
143,North Texas,103.2949,101.2336,2.0613,2026-02-23
144,Bowling Green State,105.8327,103.8016,2.0311,2026-02-23
145,Marist,102.7227,100.8614,1.8613,2026-02-23
146,Appalachian State,106.4332,104.6609,1.7723,2026-02-23
147,Marshall,111.5181,109.8841,1.634,2026-02-23
148,Fresno State,106.2777,104.7766,1.5011,2026-02-23
149,Lipscomb,108.2796,106.785,1.4947,2026-02-23
150,Mercer,111.3971,109.9535,1.4436,2026-02-23
151,Saint Josephs,104.7451,103.4665,1.2785,2026-02-23
152,St Bonaventure,111.4502,110.3256,1.1245,2026-02-23
153,College Of Charleston,106.1622,105.0626,1.0996,2026-02-23
154,Portland State,102.639,101.7467,0.8923,2026-02-23
155,Pennsylvania,107.429,106.5505,0.8785,2026-02-23
156,Northern Colorado,110.3112,109.4334,0.8778,2026-02-23
157,Kennesaw State,108.3758,107.5027,0.8731,2026-02-23
158,Loyola Marymount,105.5159,104.6672,0.8486,2026-02-23
159,Western Kentucky,106.2541,105.4105,0.8436,2026-02-23
160,Toledo,111.7334,110.945,0.7884,2026-02-23
161,Kent State,108.6278,107.8484,0.7795,2026-02-23
162,Valparaiso,106.2472,105.5313,0.7159,2026-02-23
163,Temple,109.4865,108.8444,0.6421,2026-02-23
164,Penn State,112.7383,112.1216,0.6167,2026-02-23
165,Fordham,103.7174,103.1509,0.5665,2026-02-23
166,Middle Tennessee,108.6975,108.1439,0.5536,2026-02-23
167,Siena,107.9599,107.5411,0.4188,2026-02-23
168,Oakland,112.1008,111.7563,0.3445,2026-02-23
169,Texas Arlington,102.2447,101.9872,0.2575,2026-02-23
170,Tennessee Martin,103.8603,103.6773,0.183,2026-02-23
171,Robert Morris,110.2653,110.1348,0.1305,2026-02-23
172,Idaho,107.8528,107.7344,0.1184,2026-02-23
173,Buffalo,112.3212,112.2501,0.0712,2026-02-23
174,New Mexico State,109.3199,109.2774,0.0425,2026-02-23
175,Central Arkansas,106.8039,106.8275,-0.0236,2026-02-23
176,South Alabama,106.6999,106.8488,-0.1489,2026-02-23
177,Boston College,102.2052,102.3976,-0.1924,2026-02-23
178,Florida International,106.4112,106.6355,-0.2243,2026-02-23
179,Furman,106.2701,106.5179,-0.2478,2026-02-23
180,Dixie State,109.1013,109.3942,-0.2929,2026-02-23
181,Columbia,107.9904,108.4729,-0.4825,2026-02-23
182,Charlotte,111.4876,112.0574,-0.5699,2026-02-23
183,Howard,103.3246,103.9158,-0.5911,2026-02-23
184,Maryland,108.0709,108.8112,-0.7403,2026-02-23
185,Long Island University,105.9943,106.7714,-0.7771,2026-02-23
186,Weber State,110.1284,110.946,-0.8176,2026-02-23
187,Merrimack,105.9909,106.8247,-0.8338,2026-02-23
188,Rutgers,107.7695,108.6084,-0.8389,2026-02-23
189,Georgia Tech,104.7202,105.6675,-0.9474,2026-02-23
190,Towson,102.8616,103.8472,-0.9856,2026-02-23
191,Elon,112.509,113.5999,-1.0909,2026-02-23
192,Montana,106.1763,107.4042,-1.2279,2026-02-23
193,California Davis,107.0058,108.3065,-1.3007,2026-02-23
194,Northern Kentucky,107.6593,109.0112,-1.3519,2026-02-23
195,Tulane,106.8563,108.2818,-1.4255,2026-02-23
196,Youngstown State,107.541,108.9973,-1.4563,2026-02-23
197,Cal State Fullerton,107.4825,109.0601,-1.5776,2026-02-23
198,Quinnipiac,103.7922,105.5038,-1.7116,2026-02-23
199,Monmouth,104.8363,106.6151,-1.7788,2026-02-23
200,South Dakota State,107.8084,109.6286,-1.8202,2026-02-23
201,Massachusetts,107.1397,108.9728,-1.8332,2026-02-23
202,Oregon State,107.5865,109.5621,-1.9756,2026-02-23
203,James Madison,108.9049,110.8873,-1.9824,2026-02-23
204,Denver,115.0501,117.0617,-2.0116,2026-02-23
205,Cal State Northridge,105.3848,107.569,-2.1842,2026-02-23
206,Vermont,108.3328,110.5332,-2.2004,2026-02-23
207,Drexel,103.6143,105.9119,-2.2976,2026-02-23
208,Green Bay,111.506,113.8105,-2.3045,2026-02-23
209,Queens Nc,113.976,116.285,-2.3089,2026-02-23
210,Drake,109.2777,111.6722,-2.3945,2026-02-23
211,Texas Am Corpus Christi,101.09,103.5847,-2.4946,2026-02-23
212,New Orleans,107.5435,110.1966,-2.6531,2026-02-23
213,North Carolina Asheville,104.9709,107.797,-2.8261,2026-02-23
214,Samford,108.2913,111.1373,-2.846,2026-02-23
215,Eastern Washington,110.1516,113.0084,-2.8568,2026-02-23
216,Idaho State,110.7914,113.799,-3.0076,2026-02-23
217,Jacksonville State,105.0864,108.1167,-3.0303,2026-02-23
218,Maryland Baltimore County,105.7471,108.9104,-3.1633,2026-02-23
219,Colgate,107.3191,110.5001,-3.181,2026-02-23
220,Tennessee State,106.8738,110.0978,-3.2241,2026-02-23
221,Ohio,106.8621,110.189,-3.327,2026-02-23
222,Southeast Missouri State,104.6416,108.0211,-3.3795,2026-02-23
223,Lamar,104.6083,108.1395,-3.5312,2026-02-23
224,Missouri State,105.6052,109.4183,-3.8131,2026-02-23
225,Stony Brook,103.8766,107.7148,-3.8382,2026-02-23
226,Indiana State,104.5986,108.5703,-3.9717,2026-02-23
227,Dartmouth,105.1362,109.2515,-4.1153,2026-02-23
228,Iona,103.3221,107.4853,-4.1632,2026-02-23
229,Coastal Carolina,101.6347,105.8492,-4.2145,2026-02-23
230,Charleston Southern,104.0409,108.3777,-4.3368,2026-02-23
231,Wofford,109.1103,113.5334,-4.4231,2026-02-23
232,Campbell,108.3656,112.794,-4.4284,2026-02-23
233,Southern Mississippi,103.9726,108.5219,-4.5493,2026-02-23
234,Saint Peters,104.0926,108.8264,-4.7338,2026-02-23
235,Eastern Michigan,102.5055,107.5398,-5.0343,2026-02-23
236,Boston University,111.6435,116.7924,-5.149,2026-02-23
237,Nebraska Omaha,106.5696,111.8827,-5.3131,2026-02-23
238,North Carolina At,105.5418,110.9262,-5.3844,2026-02-23
239,Princeton,104.8589,110.2658,-5.4069,2026-02-23
240,Radford,105.2318,110.7145,-5.4827,2026-02-23
241,Portland,103.7873,109.3037,-5.5164,2026-02-23
242,Nicholls State,106.196,111.9127,-5.7166,2026-02-23
243,Texas State,103.1867,108.9267,-5.74,2026-02-23
244,Cal Poly,105.9627,111.773,-5.8103,2026-02-23
245,La Salle,100.7959,106.6064,-5.8105,2026-02-23
246,Bethune Cookman,103.2024,109.0249,-5.8225,2026-02-23
247,Louisiana Tech,99.4505,105.3722,-5.9217,2026-02-23
248,Lindenwood,100.7567,106.7009,-5.9442,2026-02-23
249,Old Dominion,103.9687,109.9925,-6.0238,2026-02-23
250,Florida Gulf Coast,106.1991,112.2727,-6.0736,2026-02-23
251,Western Carolina,107.2332,113.4589,-6.2257,2026-02-23
252,Southern Illinois Edwardsville,98.8937,105.182,-6.2882,2026-02-23
253,Rice,105.7777,112.0689,-6.2912,2026-02-23
254,Morehead State,106.8115,113.1187,-6.3073,2026-02-23
255,Sacramento State,106.5561,112.8665,-6.3104,2026-02-23
256,American,104.6642,111.019,-6.3547,2026-02-23
257,Eastern Kentucky,108.9141,115.2884,-6.3743,2026-02-23
258,Detroit Mercy,106.0836,112.5323,-6.4487,2026-02-23
259,San Diego,105.8141,112.3129,-6.4987,2026-02-23
260,Tarleton State,102.0145,108.5611,-6.5466,2026-02-23
261,Longwood,103.5779,110.2024,-6.6245,2026-02-23
262,Fairfield,105.7188,112.4401,-6.7214,2026-02-23
263,Presbyterian,103.1334,110.0655,-6.9322,2026-02-23
264,Georgia Southern,105.8097,112.7916,-6.9819,2026-02-23
265,Mercyhurst,101.5457,108.5294,-6.9838,2026-02-23
266,Milwaukee,105.9496,113.1279,-7.1783,2026-02-23
267,Ipfw,105.0242,112.2069,-7.1827,2026-02-23
268,Delaware,105.0601,112.2899,-7.2298,2026-02-23
269,Chattanooga,105.7717,113.0078,-7.2361,2026-02-23
270,Abilene Christian,99.5057,106.819,-7.3133,2026-02-23
271,Hampton,100.8224,108.2082,-7.3859,2026-02-23
272,Texas El Paso,102.3192,109.9254,-7.6062,2026-02-23
273,San Jose State,106.7833,114.5405,-7.7572,2026-02-23
274,Le Moyne,103.5678,111.4438,-7.876,2026-02-23
275,Central Connecticut State,105.3559,113.3836,-8.0277,2026-02-23
276,Brown,97.9306,106.0405,-8.11,2026-02-23
277,Long Beach State,102.3538,110.5389,-8.1851,2026-02-23
278,East Carolina,100.4808,108.9009,-8.4201,2026-02-23
279,Grambling,99.5275,108.062,-8.5346,2026-02-23
280,Bellarmine,114.0237,122.5595,-8.5358,2026-02-23
281,Central Michigan,104.7913,113.5559,-8.7646,2026-02-23
282,Northwestern State,103.7249,112.8011,-9.0763,2026-02-23
283,Northeastern,105.7541,115.121,-9.367,2026-02-23
284,Southern Utah,102.8551,112.2543,-9.3992,2026-02-23
285,Southern,103.19,112.5962,-9.4062,2026-02-23
286,Georgia State,99.0868,108.5637,-9.4769,2026-02-23
287,California Riverside,101.5643,111.1361,-9.5718,2026-02-23
288,Pepperdine,101.7749,111.3721,-9.5972,2026-02-23
289,Incarnate Word,106.9757,116.6369,-9.6612,2026-02-23
290,North Dakota,105.1322,114.9405,-9.8083,2026-02-23
291,Northern Arizona,105.0421,114.8613,-9.8192,2026-02-23
292,South Carolina Upstate,99.9133,109.7387,-9.8254,2026-02-23
293,Lehigh,100.8195,111.2209,-10.4014,2026-02-23
294,Sacred Heart,105.691,116.149,-10.458,2026-02-23
295,Mount St Marys,99.174,109.7438,-10.5698,2026-02-23
296,Houston Baptist,102.8075,113.4066,-10.5991,2026-02-23
297,Tennessee Tech,103.0211,113.7113,-10.6902,2026-02-23
298,Southeastern Louisiana,99.0354,109.7553,-10.72,2026-02-23
299,South Dakota,103.7567,114.6173,-10.8606,2026-02-23
300,Arkansas Little Rock,102.1803,113.1915,-11.0111,2026-02-23
301,Massachusetts Lowell,103.2085,114.2433,-11.0348,2026-02-23
302,Western Michigan,104.7761,115.8354,-11.0593,2026-02-23
303,Norfolk State,100.712,111.9051,-11.1931,2026-02-23
304,Jacksonville,101.5403,112.8474,-11.307,2026-02-23
305,Albany Ny,102.4845,113.9597,-11.4752,2026-02-23
306,Wagner,102.6963,114.1772,-11.481,2026-02-23
307,Texas Am Commerce,98.6635,110.2632,-11.5997,2026-02-23
308,Evansville,99.8301,111.6447,-11.8147,2026-02-23
309,West Georgia,101.4737,113.3539,-11.8802,2026-02-23
310,North Carolina Greensboro,106.1615,118.0488,-11.8873,2026-02-23
311,Eastern Illinois,96.8012,108.7526,-11.9514,2026-02-23
312,Texas Southern,102.6794,114.6342,-11.9548,2026-02-23
313,Cleveland State,108.6107,120.6494,-12.0388,2026-02-23
314,Louisiana Lafayette,98.583,110.8141,-12.2311,2026-02-23
315,Alabama Am,101.1173,113.364,-12.2467,2026-02-23
316,New Haven,97.2699,109.728,-12.4581,2026-02-23
317,Njit,98.8766,111.3624,-12.4858,2026-02-23
318,Loyola Md,102.1492,114.7324,-12.5832,2026-02-23
319,Loyola Il,101.5551,114.9435,-13.3885,2026-02-23
320,Alabama State,99.1583,112.5507,-13.3923,2026-02-23
321,Manhattan,104.9829,118.9267,-13.9438,2026-02-23
322,Lafayette,100.1319,114.1372,-14.0053,2026-02-23
323,Stetson,102.2579,116.3697,-14.1118,2026-02-23
324,Iupui,103.6922,117.8345,-14.1424,2026-02-23
325,Fairleigh Dickinson,100.563,114.7602,-14.1972,2026-02-23
326,Arkansas Pine Bluff,101.9344,116.1761,-14.2416,2026-02-23
327,Ball State,96.2244,110.4809,-14.2565,2026-02-23
328,Holy Cross,100.7392,115.0597,-14.3205,2026-02-23
329,Maine,93.4077,107.846,-14.4383,2026-02-23
330,Prairie View,100.7099,115.1728,-14.4629,2026-02-23
331,Northern Illinois,97.8024,112.4063,-14.6039,2026-02-23
332,Oral Roberts,98.7978,113.4816,-14.6838,2026-02-23
333,Niagara,98.9812,113.9519,-14.9706,2026-02-23
334,North Florida,105.7537,120.8969,-15.1432,2026-02-23
335,Stonehill,92.6247,107.7712,-15.1466,2026-02-23
336,Cal State Bakersfield,98.8931,114.2562,-15.3632,2026-02-23
337,New Hampshire,95.9031,111.2827,-15.3796,2026-02-23
338,Army,101.1538,116.5585,-15.4047,2026-02-23
339,Florida Am,95.8513,111.27,-15.4187,2026-02-23
340,Southern Indiana,94.4003,110.6672,-16.2669,2026-02-23
341,Bucknell,96.7963,113.2589,-16.4626,2026-02-23
342,North Alabama,99.619,116.3931,-16.7741,2026-02-23
343,Chicago State,98.319,115.5373,-17.2183,2026-02-23
344,Maryland Eastern Shore,94.4005,112.2894,-17.8889,2026-02-23
345,Canisius,95.2172,113.2192,-18.002,2026-02-23
346,North Carolina Central,99.5416,118.3686,-18.827,2026-02-23
347,Louisiana Monroe,99.6872,119.082,-19.3948,2026-02-23
348,Missouri Kansas City,94.0449,113.675,-19.6301,2026-02-23
349,Air Force,95.3159,115.3016,-19.9857,2026-02-23
350,Texas San Antonio,96.7991,116.8348,-20.0357,2026-02-23
351,Alcorn State,97.8981,117.9483,-20.0502,2026-02-23
352,Bryant,95.0276,115.0852,-20.0576,2026-02-23
353,Jackson State,97.1579,117.4672,-20.3093,2026-02-23
354,Citadel,97.5079,117.8662,-20.3583,2026-02-23
355,Saint Francis Pa,98.3991,118.8811,-20.4821,2026-02-23
356,Morgan State,97.3596,118.3858,-21.0262,2026-02-23
357,Binghamton,97.7337,119.007,-21.2733,2026-02-23
358,Virginia Military Institute,98.2309,119.9573,-21.7265,2026-02-23
359,Rider,95.3891,117.9524,-22.5633,2026-02-23
360,South Carolina State,94.668,118.2162,-23.5482,2026-02-23
361,Delaware State,89.2026,113.1701,-23.9675,2026-02-23
362,Western Illinois,94.7885,120.1914,-25.4029,2026-02-23
363,Gardner Webb,94.9251,120.9063,-25.9813,2026-02-23
364,Coppin State,91.6895,119.2109,-27.5214,2026-02-23
365,Mississippi Valley State,88.691,121.7937,-33.1027,2026-02-23
